type	type_name	rank_in_type	compound	verse	corpus_freq
KD	karmadhāraya	1	puruṣa-rṣabha	2.15	181
TP	tatpuruṣa	1	dvi-ja-uttama	1.07	210
TP	tatpuruṣa	2	bharata-rṣabha	17.12	184
TP	tatpuruṣa	3	deva-īśa	11.25	146
TP	tatpuruṣa	4	deva-īśa	11.37	146
TP	tatpuruṣa	5	deva-īśa	11.45	146
TP	tatpuruṣa	6	śrī-bhagavant	10.01	78
TP	tatpuruṣa	7	śrī-bhagavant	10.19	78
TP	tatpuruṣa	8	śrī-bhagavant	11.05	78
TP	tatpuruṣa	9	śrī-bhagavant	11.32	78
TP	tatpuruṣa	10	śrī-bhagavant	11.47	78
TP	tatpuruṣa	11	śrī-bhagavant	11.52	78
TP	tatpuruṣa	12	śrī-bhagavant	12.02	78
TP	tatpuruṣa	13	śrī-bhagavant	13.01	78
TP	tatpuruṣa	14	śrī-bhagavant	14.01	78
TP	tatpuruṣa	15	śrī-bhagavant	14.22	78
TP	tatpuruṣa	16	śrī-bhagavant	15.01	78
TP	tatpuruṣa	17	śrī-bhagavant	16.01	78
TP	tatpuruṣa	18	śrī-bhagavant	17.02	78
TP	tatpuruṣa	19	śrī-bhagavant	18.02	78
TP	tatpuruṣa	20	śrī-bhagavant	2.02	78
TP	tatpuruṣa	21	śrī-bhagavant	2.11	78
TP	tatpuruṣa	22	śrī-bhagavant	2.55	78
TP	tatpuruṣa	23	śrī-bhagavant	3.03	78
TP	tatpuruṣa	24	śrī-bhagavant	3.37	78
TP	tatpuruṣa	25	śrī-bhagavant	4.01	78
TP	tatpuruṣa	26	śrī-bhagavant	4.05	78
TP	tatpuruṣa	27	śrī-bhagavant	5.02	78
TP	tatpuruṣa	28	śrī-bhagavant	6.01	78
TP	tatpuruṣa	29	śrī-bhagavant	6.35	78
TP	tatpuruṣa	30	śrī-bhagavant	6.40	78
TP	tatpuruṣa	31	śrī-bhagavant	7.01	78
TP	tatpuruṣa	32	śrī-bhagavant	8.03	78
TP	tatpuruṣa	33	śrī-bhagavant	9.01	78
TP	tatpuruṣa	34	sva-tejas	11.19	67
TP	tatpuruṣa	35	deva-deva	10.15	60
TP	tatpuruṣa	36	deva-deva	11.13	60
TP	tatpuruṣa	37	sva-dharma	2.31	32
TP	tatpuruṣa	38	sva-dharma	2.33	32
TP	tatpuruṣa	39	anta-kāla	2.72	32
TP	tatpuruṣa	40	anta-kāla	8.05	32
TP	tatpuruṣa	41	jīva-loka	15.07	28
TP	tatpuruṣa	42	sva-karma	18.46	22
TP	tatpuruṣa	43	siṁha-nāda	1.12	21
TP	tatpuruṣa	44	bhakti-yoga	14.26	21
TP	tatpuruṣa	45	kalpa-ādi	9.07	18
TP	tatpuruṣa	46	sūta-putra	11.26	17
TP	tatpuruṣa	47	brahma-bhūya	14.26	16
TP	tatpuruṣa	48	brahma-bhūya	18.53	16
TP	tatpuruṣa	49	rāja-rṣi	4.02	16
TP	tatpuruṣa	50	rāja-rṣi	9.33	16
TP	tatpuruṣa	51	nṛ-loka	11.48	15
TP	tatpuruṣa	52	indriya-artha	13.08	14
TP	tatpuruṣa	53	indriya-artha	5.09	14
TP	tatpuruṣa	54	indriya-artha	6.04	14
TP	tatpuruṣa	55	sura-gaṇa	10.02	12
TP	tatpuruṣa	56	abhyāsa-yoga	12.09	11
TP	tatpuruṣa	57	jñāna-yoga	3.03	11
TP	tatpuruṣa	58	kalpa-kṣaya	9.07	9
TP	tatpuruṣa	59	kuru-pravīra	11.48	8
TP	tatpuruṣa	60	tattva-darśin	2.16	8
TP	tatpuruṣa	61	deva-rṣi	10.13	7
TP	tatpuruṣa	62	sva-dharma	18.47	7
TP	tatpuruṣa	63	guṇa-karma	3.29	7
TP	tatpuruṣa	64	sva-dharma	3.35	7
TP	tatpuruṣa	65	ātma-aupamya	6.32	7
TP	tatpuruṣa	66	roma-harṣa	1.29	6
TP	tatpuruṣa	67	yoga-īśvara	11.04	5
TP	tatpuruṣa	68	kāma-bhoga	16.16	5
TP	tatpuruṣa	69	vaiśya-karma	18.44	5
TP	tatpuruṣa	70	laghv-āśin	18.52	5
TP	tatpuruṣa	71	indriya-artha	3.06	5
TP	tatpuruṣa	72	kula-dharma	1.40	4
TP	tatpuruṣa	73	kula-dharma	1.43	4
TP	tatpuruṣa	74	jñāna-dīpa	10.11	4
TP	tatpuruṣa	75	sūrya-sahasra	11.12	4
TP	tatpuruṣa	76	nara-adhama	16.19	4
TP	tatpuruṣa	77	bhūta-gaṇa	17.04	4
TP	tatpuruṣa	78	yoga-īśvara	18.78	4
TP	tatpuruṣa	79	karma-phala	4.14	4
TP	tatpuruṣa	80	padma-patra	5.10	4
TP	tatpuruṣa	81	rātry-āgama	8.18	4
TP	tatpuruṣa	82	bhūta-grāma	8.19	4
TP	tatpuruṣa	83	rātry-āgama	8.19	4
TP	tatpuruṣa	84	dharma-kṣetra	1.01	3
TP	tatpuruṣa	85	pāṇḍu-putra	1.03	3
TP	tatpuruṣa	86	mitra-droha	1.38	3
TP	tatpuruṣa	87	kula-strī	1.41	3
TP	tatpuruṣa	88	manaḥ-prasāda	17.16	3
TP	tatpuruṣa	89	svarga-dvāra	2.32	3
TP	tatpuruṣa	90	kāma-kāmin	2.70	3
TP	tatpuruṣa	91	dharma-saṁsthāpana-artha	4.08	3
TP	tatpuruṣa	92	prayāṇa-kāla	7.30	3
TP	tatpuruṣa	93	prayāṇa-kāla	8.02	3
TP	tatpuruṣa	94	prayāṇa-kāla	8.10	3
TP	tatpuruṣa	95	yoga-bala	8.10	3
TP	tatpuruṣa	96	martya-loka	9.21	3
TP	tatpuruṣa	97	pāṇḍava-anīka	1.02	2
TP	tatpuruṣa	98	drupada-putra	1.03	2
TP	tatpuruṣa	99	kāśi-rāja	1.05	2
TP	tatpuruṣa	100	sva-janam	1.31	2
TP	tatpuruṣa	101	sva-jana	1.37	2
TP	tatpuruṣa	102	kula-kṣaya	1.40	2
TP	tatpuruṣa	103	jāti-dharma	1.43	2
TP	tatpuruṣa	104	sva-janam	1.45	2
TP	tatpuruṣa	105	japa-yajña	10.25	2
TP	tatpuruṣa	106	adhi-ātma-vidyā	10.32	2
TP	tatpuruṣa	107	śāśvata-dharma-goptṛ	11.18	2
TP	tatpuruṣa	108	daṁṣṭrā-karāla	11.25	2
TP	tatpuruṣa	109	yodha-mukhya	11.26	2
TP	tatpuruṣa	110	daṁṣṭrā-karāla	11.27	2
TP	tatpuruṣa	111	siddha-saṁgha	11.36	2
TP	tatpuruṣa	112	guṇa-bhoktṛ	13.14	2
TP	tatpuruṣa	113	duḥkha-anta	18.36	2
TP	tatpuruṣa	114	hṛd-deśa	18.61	2
TP	tatpuruṣa	115	jñāna-yajña	18.70	2
TP	tatpuruṣa	116	jñāna-agni	4.37	2
TP	tatpuruṣa	117	karma-phala	5.12	2
TP	tatpuruṣa	118	karma-phala	6.01	2
TP	tatpuruṣa	119	puṇya-phala	8.28	2
TP	tatpuruṣa	120	jñāna-yajña	9.15	2
TP	tatpuruṣa	121	kuntī-putra	1.16	1
TP	tatpuruṣa	122	śastra-saṁpāta	1.20	1
TP	tatpuruṣa	123	trai-lokya-rājya	1.35	1
TP	tatpuruṣa	124	kula-ghna	1.42	1
TP	tatpuruṣa	125	kula-ghna	1.43	1
TP	tatpuruṣa	126	deva-rṣi	10.26	1
TP	tatpuruṣa	127	gaja-indra	10.27	1
TP	tatpuruṣa	128	mahā-yoga-īśvara	11.09	1
TP	tatpuruṣa	129	daśana-antara	11.27	1
TP	tatpuruṣa	130	indriya-grāma	12.04	1
TP	tatpuruṣa	131	karma-yoga	13.24	1
TP	tatpuruṣa	132	bhūta-pṛthag-bhāva	13.30	1
TP	tatpuruṣa	133	sukha-saṅga	14.06	1
TP	tatpuruṣa	134	jñāna-saṅga	14.06	1
TP	tatpuruṣa	135	karma-saṅga	14.07	1
TP	tatpuruṣa	136	karma-saṅgin	14.15	1
TP	tatpuruṣa	137	bhūta-sarga	16.06	1
TP	tatpuruṣa	138	artha-saṁcaya	16.12	1
TP	tatpuruṣa	139	śāstra-vidhi	16.23	1
TP	tatpuruṣa	140	śāstra-vidhi	17.01	1
TP	tatpuruṣa	141	bhūta-grāma	17.06	1
TP	tatpuruṣa	142	brahma-vādin	17.24	1
TP	tatpuruṣa	143	karma-phala-parityāgin	18.11	1
TP	tatpuruṣa	144	kāma-īpsu	18.24	1
TP	tatpuruṣa	145	phala-ākāṅkṣin	18.34	1
TP	tatpuruṣa	146	brahma-karma	18.42	1
TP	tatpuruṣa	147	kṣatra-karma	18.43	1
TP	tatpuruṣa	148	vivikta-sevin	18.52	1
TP	tatpuruṣa	149	pūjā-arha	2.04	1
TP	tatpuruṣa	150	bhoga-aiśvarya-gati	2.43	1
TP	tatpuruṣa	151	indriya-artha	2.58	1
TP	tatpuruṣa	152	buddhi-nāśa	2.63	1
TP	tatpuruṣa	153	indriya-artha	2.68	1
TP	tatpuruṣa	154	karma-yoga	3.03	1
TP	tatpuruṣa	155	karma-yoga	3.07	1
TP	tatpuruṣa	156	yajña-śiṣṭa-āśin	3.13	1
TP	tatpuruṣa	157	brahma-agni	4.24	1
TP	tatpuruṣa	158	saṁyama-agni	4.26	1
TP	tatpuruṣa	159	indriya-agni	4.26	1
TP	tatpuruṣa	160	prāṇa-karman	4.27	1
TP	tatpuruṣa	161	ātma-saṁyama-yoga-agni	4.27	1
TP	tatpuruṣa	162	prāṇa-apāna-gati	4.29	1
TP	tatpuruṣa	163	karma-yoga	5.02	1
TP	tatpuruṣa	164	karma-yoga	5.02	1
TP	tatpuruṣa	165	nāsikā-agra	6.13	1
TP	tatpuruṣa	166	indriya-grāma	6.24	1
TP	tatpuruṣa	167	dharma-aviruddha	7.11	1
TP	tatpuruṣa	168	dvaṁdva-moha	7.27	1
TP	tatpuruṣa	169	rāja-vidyā	9.02	1
TP	tatpuruṣa	170	bhūta-grāma	9.08	1
TP	tatpuruṣa	171	svarga-loka	9.21	1
TP	tatpuruṣa	172	trayī-dharma	9.21	1
TP	tatpuruṣa	173	kuru-kṣetra	1.01	0
TP	tatpuruṣa	174	bhīma-arjuna-sama	1.04	0
TP	tatpuruṣa	175	nara-puṅgava	1.05	0
TP	tatpuruṣa	176	mad-artha	1.09	0
TP	tatpuruṣa	177	yuddha-viśārada	1.09	0
TP	tatpuruṣa	178	bhīṣma-abhi-rakṣita	1.10	0
TP	tatpuruṣa	179	bhīma-abhi-rakṣita	1.10	0
TP	tatpuruṣa	180	kuru-vṛddha	1.12	0
TP	tatpuruṣa	181	deva-datta	1.15	0
TP	tatpuruṣa	182	pṛthivī-pati	1.18	0
TP	tatpuruṣa	183	mahī-pati	1.21	0
TP	tatpuruṣa	184	raṇa-sam-ud-yama	1.22	0
TP	tatpuruṣa	185	priya-cikīrṣu	1.23	0
TP	tatpuruṣa	186	mahī-kṣit	1.25	0
TP	tatpuruṣa	187	sva-jana	1.28	0
TP	tatpuruṣa	188	kula-kṣaya-kṛta	1.38	0
TP	tatpuruṣa	189	kula-kṣaya-kṛta	1.39	0
TP	tatpuruṣa	190	a-dharma-abhi-bhava	1.41	0
TP	tatpuruṣa	191	varṇa-saṁkara	1.41	0
TP	tatpuruṣa	192	varṇa-saṁkara-kāraka	1.43	0
TP	tatpuruṣa	193	rājya-sukha-lobha	1.45	0
TP	tatpuruṣa	194	hita-kāmyā	10.01	0
TP	tatpuruṣa	195	loka-mahā-īśvara	10.03	0
TP	tatpuruṣa	196	bhāva-samanvita	10.08	0
TP	tatpuruṣa	197	buddhi-yoga	10.10	0
TP	tatpuruṣa	198	ādi-deva	10.12	0
TP	tatpuruṣa	199	puruṣa-uttama	10.15	0
TP	tatpuruṣa	200	bhūta-iśa	10.15	0
TP	tatpuruṣa	201	jagat-pati	10.15	0
TP	tatpuruṣa	202	ātma-vibhūti	10.16	0
TP	tatpuruṣa	203	ātma-vibhūti	10.19	0
TP	tatpuruṣa	204	sarva-bhūta-āśaya-sthitaḥ	10.20	0
TP	tatpuruṣa	205	vitta-īśa	10.23	0
TP	tatpuruṣa	206	amṛta-udbhava	10.27	0
TP	tatpuruṣa	207	nara-adhi-pa	10.27	0
TP	tatpuruṣa	208	mṛga-indra	10.30	0
TP	tatpuruṣa	209	śastra-bhṛt	10.31	0
TP	tatpuruṣa	210	kusuma-ākara	10.35	0
TP	tatpuruṣa	211	eka-aṁśa	10.42	0
TP	tatpuruṣa	212	puruṣa-uttama	11.03	0
TP	tatpuruṣa	213	vismaya-āviṣṭa	11.14	0
TP	tatpuruṣa	214	bhūta-viśeṣa-saṁgha	11.15	0
TP	tatpuruṣa	215	sura-saṁgha	11.21	0
TP	tatpuruṣa	216	bahu-daṁṣṭrā-karāla	11.23	0
TP	tatpuruṣa	217	kāla-anala-saṁnibha	11.25	0
TP	tatpuruṣa	218	avani-pāla-saṁgha	11.26	0
TP	tatpuruṣa	219	ambu-vega	11.28	0
TP	tatpuruṣa	220	nara-loka-vīra	11.28	0
TP	tatpuruṣa	221	deva-vara	11.31	0
TP	tatpuruṣa	222	yodha-vīra	11.34	0
TP	tatpuruṣa	223	tat-para	11.37	0
TP	tatpuruṣa	224	ādi-deva	11.38	0
TP	tatpuruṣa	225	ātma-yoga	11.47	0
TP	tatpuruṣa	226	tvat-anya	11.48	0
TP	tatpuruṣa	227	vimūḍha-bhāva	11.49	0
TP	tatpuruṣa	228	darśana-kāṅkṣin	11.52	0
TP	tatpuruṣa	229	mad-bhakta	11.55	0
TP	tatpuruṣa	230	saṅga-varjita	11.55	0
TP	tatpuruṣa	231	sarva-bhūta-hita	12.04	0
TP	tatpuruṣa	232	mṛtyu-saṁsāra-vartman	12.07	0
TP	tatpuruṣa	233	mad-yoga	12.11	0
TP	tatpuruṣa	234	sarva-karma-phala-tyāga	12.11	0
TP	tatpuruṣa	235	karma-phala-tyāga	12.12	0
TP	tatpuruṣa	236	mad-bhakta	12.14	0
TP	tatpuruṣa	237	sarva-ārambha-parityāgin	12.16	0
TP	tatpuruṣa	238	mad-bhakta	12.16	0
TP	tatpuruṣa	239	saṅga-vivarjita	12.18	0
TP	tatpuruṣa	240	dharmya-amṛta	12.20	0
TP	tatpuruṣa	241	indriya-gocara	13.05	0
TP	tatpuruṣa	242	ācārya-upāsana	13.07	0
TP	tatpuruṣa	243	ātma-vinigraha	13.07	0
TP	tatpuruṣa	244	vivikta-deśa-sevitva	13.10	0
TP	tatpuruṣa	245	jana-saṁsad	13.10	0
TP	tatpuruṣa	246	adhy-ātma-jñāna-nityatva	13.11	0
TP	tatpuruṣa	247	tattva-jñāna-artha-darśana	13.11	0
TP	tatpuruṣa	248	sarva-indriya-vivarjita	13.14	0
TP	tatpuruṣa	249	bhūta-bhartṛ	13.16	0
TP	tatpuruṣa	250	jñāna-gamya	13.17	0
TP	tatpuruṣa	251	mad-bhakta	13.18	0
TP	tatpuruṣa	252	guṇa-saṅga	13.21	0
TP	tatpuruṣa	253	sad-asad-yoni-janman	13.21	0
TP	tatpuruṣa	254	mahā-īśvara	13.22	0
TP	tatpuruṣa	255	bharata-rṣabha	13.26	0
TP	tatpuruṣa	256	sarva-gata	13.32	0
TP	tatpuruṣa	257	jñāna-cakṣuḥ	13.34	0
TP	tatpuruṣa	258	bhūta-prakṛti-mokṣa	13.34	0
TP	tatpuruṣa	259	bharata-rṣabha	14.12	0
TP	tatpuruṣa	260	kuru-nandana	14.13	0
TP	tatpuruṣa	261	mūḍha-yoni	14.15	0
TP	tatpuruṣa	262	sarva-ārambha-parityāgin	14.25	0
TP	tatpuruṣa	263	guṇa-atīta	14.25	0
TP	tatpuruṣa	264	guṇa-pravṛddha	15.02	0
TP	tatpuruṣa	265	viṣaya-pravāla	15.02	0
TP	tatpuruṣa	266	asaṅga-śastra	15.03	0
TP	tatpuruṣa	267	guṇa-anvita	15.10	0
TP	tatpuruṣa	268	āditya-gata	15.12	0
TP	tatpuruṣa	269	puruṣa-uttama	15.18	0
TP	tatpuruṣa	270	puruṣa-uttama	15.19	0
TP	tatpuruṣa	271	sattva-saṁśuddhi	16.01	0
TP	tatpuruṣa	272	a-paras-para-saṁbhūta	16.08	0
TP	tatpuruṣa	273	ajñāna-vimohita	16.15	0
TP	tatpuruṣa	274	moha-jāla-samāvṛta	16.16	0
TP	tatpuruṣa	275	ātma-saṁbhāvita	16.17	0
TP	tatpuruṣa	276	dhana-māna-mada-anvita	16.17	0
TP	tatpuruṣa	277	nāma-yajña	16.17	0
TP	tatpuruṣa	278	tamas-dvāra	16.22	0
TP	tatpuruṣa	279	śāstra-vidhāna-ukta	16.24	0
TP	tatpuruṣa	280	a-śāstra-vihita	17.05	0
TP	tatpuruṣa	281	a-phala-ākāṅkṣin	17.11	0
TP	tatpuruṣa	282	an-udvega-kara	17.15	0
TP	tatpuruṣa	283	svādhyāya-abhyasana	17.15	0
TP	tatpuruṣa	284	ātma-vinigraha	17.16	0
TP	tatpuruṣa	285	bhāva-saṁśuddhi	17.16	0
TP	tatpuruṣa	286	a-phala-ākāṅkṣin	17.17	0
TP	tatpuruṣa	287	vidhāna-ukta	17.24	0
TP	tatpuruṣa	288	dāna-kriya	17.25	0
TP	tatpuruṣa	289	mokṣa-kāṅkṣin	17.25	0
TP	tatpuruṣa	290	keśi-niṣūdana	18.01	0
TP	tatpuruṣa	291	sarva-karma-phala-tyāga	18.02	0
TP	tatpuruṣa	292	bharata-sattama	18.04	0
TP	tatpuruṣa	293	kāya-kleśa-bhaya	18.08	0
TP	tatpuruṣa	294	tyāga-phala	18.08	0
TP	tatpuruṣa	295	sattva-samāviṣṭa	18.10	0
TP	tatpuruṣa	296	sarva-karman	18.13	0
TP	tatpuruṣa	297	karma-codanā	18.18	0
TP	tatpuruṣa	298	karma-saṁgraha	18.18	0
TP	tatpuruṣa	299	a-phala-prepsu	18.23	0
TP	tatpuruṣa	300	an-ahaṁ-vādin	18.26	0
TP	tatpuruṣa	301	karma-phala-prepsu	18.27	0
TP	tatpuruṣa	302	manaḥ-prāṇa-indriya-kriyā	18.33	0
TP	tatpuruṣa	303	bharata-rṣabha	18.36	0
TP	tatpuruṣa	304	viṣaya-indriya-saṁyoga	18.38	0
TP	tatpuruṣa	305	īśvara-bhāva	18.43	0
TP	tatpuruṣa	306	sva-karma-nirata	18.45	0
TP	tatpuruṣa	307	para-dharma	18.47	0
TP	tatpuruṣa	308	sva-bhāva-niyata	18.47	0
TP	tatpuruṣa	309	naiṣ-karmya-siddhim	18.49	0
TP	tatpuruṣa	310	brahma-bhūta	18.54	0
TP	tatpuruṣa	311	mad-bhakti	18.54	0
TP	tatpuruṣa	312	sarva-karman	18.56	0
TP	tatpuruṣa	313	mat-prasāda	18.56	0
TP	tatpuruṣa	314	sarva-karman	18.57	0
TP	tatpuruṣa	315	buddhi-yoga	18.57	0
TP	tatpuruṣa	316	mad-prasāda	18.58	0
TP	tatpuruṣa	317	yantra-ārūḍha	18.61	0
TP	tatpuruṣa	318	tad-prasāda	18.62	0
TP	tatpuruṣa	319	sarva-guhyatama	18.64	0
TP	tatpuruṣa	320	mad-bhakta	18.65	0
TP	tatpuruṣa	321	mad-yājin	18.65	0
TP	tatpuruṣa	322	mad-bhakta	18.68	0
TP	tatpuruṣa	323	ajñāna-saṁ-moha	18.72	0
TP	tatpuruṣa	324	tvat-prasāda	18.73	0
TP	tatpuruṣa	325	vyāsa-prasāda	18.75	0
TP	tatpuruṣa	326	yoga-īśvara	18.75	0
TP	tatpuruṣa	327	an-ārya-juṣṭa	2.02	0
TP	tatpuruṣa	328	a-kīrti-kara	2.02	0
TP	tatpuruṣa	329	hṛdaya-daurbalya	2.03	0
TP	tatpuruṣa	330	ari-sūdana	2.04	0
TP	tatpuruṣa	331	rudhira-pradigdha	2.05	0
TP	tatpuruṣa	332	prajñā-vāda	2.11	0
TP	tatpuruṣa	333	jana-adhipa	2.12	0
TP	tatpuruṣa	334	deha-antara-prāpti	2.13	0
TP	tatpuruṣa	335	mātrā-sparśa	2.14	0
TP	tatpuruṣa	336	sarva-gata	2.24	0
TP	tatpuruṣa	337	avācya-vāda	2.36	0
TP	tatpuruṣa	338	karma-bandha	2.39	0
TP	tatpuruṣa	339	abhi-krama-nāśa	2.40	0
TP	tatpuruṣa	340	kuru-nandana	2.41	0
TP	tatpuruṣa	341	veda-vāda-rataḥ	2.42	0
TP	tatpuruṣa	342	bhoga-aiśvarya-prasakta	2.44	0
TP	tatpuruṣa	343	buddhi-yoga	2.49	0
TP	tatpuruṣa	344	buddhi-yukta	2.50	0
TP	tatpuruṣa	345	buddhi-yukta	2.51	0
TP	tatpuruṣa	346	janma-bandha-vinirmukta	2.51	0
TP	tatpuruṣa	347	moha-kalila	2.52	0
TP	tatpuruṣa	348	śruti-vi-prati-panna	2.53	0
TP	tatpuruṣa	349	mano-gata	2.55	0
TP	tatpuruṣa	350	smṛti-vibhrama	2.63	0
TP	tatpuruṣa	351	smṛti-bhraṁśa	2.63	0
TP	tatpuruṣa	352	buddhi-nāśa	2.63	0
TP	tatpuruṣa	353	rāga-dveṣa-viyukta	2.64	0
TP	tatpuruṣa	354	ātma-vaśya	2.64	0
TP	tatpuruṣa	355	brahma-nirvāṇa	2.72	0
TP	tatpuruṣa	356	karma-indriya	3.06	0
TP	tatpuruṣa	357	karma-indriya	3.07	0
TP	tatpuruṣa	358	śarīra-yātrā	3.08	0
TP	tatpuruṣa	359	ātma-kāraṇa	3.13	0
TP	tatpuruṣa	360	anna-saṁbhava	3.14	0
TP	tatpuruṣa	361	sarva-gata	3.15	0
TP	tatpuruṣa	362	ātma-tṛpta	3.17	0
TP	tatpuruṣa	363	buddhi-bheda	3.26	0
TP	tatpuruṣa	364	karma-saṅgin	3.26	0
TP	tatpuruṣa	365	sarva-karman	3.26	0
TP	tatpuruṣa	366	guṇa-karma-vibhāga	3.28	0
TP	tatpuruṣa	367	guṇa-saṁmūḍhāḥ	3.29	0
TP	tatpuruṣa	368	adhi-ātma-cetas	3.30	0
TP	tatpuruṣa	369	sarva-jñāna-vimūḍha	3.32	0
TP	tatpuruṣa	370	para-dharma	3.35	0
TP	tatpuruṣa	371	sva-dharma	3.35	0
TP	tatpuruṣa	372	para-dharma	3.35	0
TP	tatpuruṣa	373	bharata-rṣabha	3.41	0
TP	tatpuruṣa	374	paraṁ-parā-prāpta	4.02	0
TP	tatpuruṣa	375	ātma-māyā	4.06	0
TP	tatpuruṣa	376	kāma-saṁkalpa-varjita	4.19	0
TP	tatpuruṣa	377	karma-phala-āsaṅga	4.20	0
TP	tatpuruṣa	378	dvaṁdva-atīta	4.22	0
TP	tatpuruṣa	379	brahma-karma-samādhin	4.24	0
TP	tatpuruṣa	380	brahma-agni	4.25	0
TP	tatpuruṣa	381	indriya-karman	4.27	0
TP	tatpuruṣa	382	jñāna-dīpita	4.27	0
TP	tatpuruṣa	383	kuru-sattama	4.31	0
TP	tatpuruṣa	384	jñāna-yajña	4.33	0
TP	tatpuruṣa	385	tattva-darśin	4.34	0
TP	tatpuruṣa	386	jñāna-plava	4.36	0
TP	tatpuruṣa	387	sarva-karman	4.37	0
TP	tatpuruṣa	388	ajñāna-saṁbhūta	4.42	0
TP	tatpuruṣa	389	jñānāsi	4.42	0
TP	tatpuruṣa	390	niḥśreyasa-kara	5.02	0
TP	tatpuruṣa	391	karma-saṁnyāsa	5.02	0
TP	tatpuruṣa	392	yoga-yukta	5.06	0
TP	tatpuruṣa	393	yoga-yukta	5.07	0
TP	tatpuruṣa	394	kāma-kāra	5.12	0
TP	tatpuruṣa	395	karma-phala-saṁyoga	5.14	0
TP	tatpuruṣa	396	sva-bhāva	5.14	0
TP	tatpuruṣa	397	bāhya-sparśa	5.21	0
TP	tatpuruṣa	398	duḥkha-yoni	5.22	0
TP	tatpuruṣa	399	śarīra-vimokṣaṇa	5.23	0
TP	tatpuruṣa	400	brahma-nirvāṇa	5.24	0
TP	tatpuruṣa	401	brahma-bhūta	5.24	0
TP	tatpuruṣa	402	brahma-nirvāṇa	5.25	0
TP	tatpuruṣa	403	sarva-bhūta-hita	5.25	0
TP	tatpuruṣa	404	brahma-nirvāṇa	5.26	0
TP	tatpuruṣa	405	nāsā-abhy-antara-cārin	5.27	0
TP	tatpuruṣa	406	sarva-loka-mahā-īśvara	5.29	0
TP	tatpuruṣa	407	yoga-ārūḍha	6.03	0
TP	tatpuruṣa	408	sarva-saṁkalpa-saṁnyāsin	6.04	0
TP	tatpuruṣa	409	yoga-ārūḍha	6.04	0
TP	tatpuruṣa	410	ātma-viśuddhi	6.12	0
TP	tatpuruṣa	411	brahmacāri-vrata	6.14	0
TP	tatpuruṣa	412	mat-saṁsthā	6.15	0
TP	tatpuruṣa	413	yoga-sevā	6.20	0
TP	tatpuruṣa	414	buddhi-grāhya	6.21	0
TP	tatpuruṣa	415	duḥkha-saṁyoga-viyoga	6.23	0
TP	tatpuruṣa	416	dhṛti-gṛhītā	6.25	0
TP	tatpuruṣa	417	brahma-bhūta	6.27	0
TP	tatpuruṣa	418	sarva-bhūta-sthita	6.31	0
TP	tatpuruṣa	419	yoga-sam-siddhi	6.37	0
TP	tatpuruṣa	420	ubhaya-vibhraṣṭa	6.38	0
TP	tatpuruṣa	421	tvad-anya	6.39	0
TP	tatpuruṣa	422	puṇya-kṛta	6.41	0
TP	tatpuruṣa	423	yoga-bhraṣṭa	6.41	0
TP	tatpuruṣa	424	buddhi-saṁyoga	6.43	0
TP	tatpuruṣa	425	kuru-nandana	6.43	0
TP	tatpuruṣa	426	mad-gata	6.47	0
TP	tatpuruṣa	427	maṇi-gaṇa	7.07	0
TP	tatpuruṣa	428	bharata-rṣabha	7.11	0
TP	tatpuruṣa	429	nara-adhama	7.15	0
TP	tatpuruṣa	430	bharata-rṣabha	7.16	0
TP	tatpuruṣa	431	eka-bhakti	7.17	0
TP	tatpuruṣa	432	mad-bhakta	7.23	0
TP	tatpuruṣa	433	yoga-māyā-samāvṛta	7.25	0
TP	tatpuruṣa	434	anta-gata	7.28	0
TP	tatpuruṣa	435	dvaṁdva-moha-nirmukta	7.28	0
TP	tatpuruṣa	436	puruṣa-uttama	8.01	0
TP	tatpuruṣa	437	sva-bhāva	8.03	0
TP	tatpuruṣa	438	tad-bhāva-bhāvita	8.06	0
TP	tatpuruṣa	439	anya-gāmin	8.08	0
TP	tatpuruṣa	440	yoga-dhāraṇā	8.12	0
TP	tatpuruṣa	441	duḥkha-ālaya	8.15	0
TP	tatpuruṣa	442	ahar-āgama	8.18	0
TP	tatpuruṣa	443	ahar-āgama	8.19	0
TP	tatpuruṣa	444	bharata-rṣabha	8.23	0
TP	tatpuruṣa	445	yoga-yukta	8.27	0
TP	tatpuruṣa	446	rāja-guhya	9.02	0
TP	tatpuruṣa	447	mṛtyu-saṁsāra-vartman	9.03	0
TP	tatpuruṣa	448	ākāśa-sthita	9.06	0
TP	tatpuruṣa	449	bhūta-maha-īśvara	9.11	0
TP	tatpuruṣa	450	sura-indra-loka	9.20	0
TP	tatpuruṣa	451	deva-bhoga	9.20	0
TP	tatpuruṣa	452	anya-devatā-bhakta	9.23	0
TP	tatpuruṣa	453	mad-yājin	9.25	0
TP	tatpuruṣa	454	bhakty-upahṛta	9.26	0
TP	tatpuruṣa	455	mad-arpaṇa	9.27	0
TP	tatpuruṣa	456	karma-bandhana	9.28	0
TP	tatpuruṣa	457	mad-bhakta	9.34	0
TP	tatpuruṣa	458	mad-yājin	9.34	0
BV	bahuvrīhi	1	mahā-bāhu	10.01	537
BV	bahuvrīhi	2	mahā-bāhu	11.23	537
BV	bahuvrīhi	3	mahā-bāhu	14.05	537
BV	bahuvrīhi	4	mahā-bāhu	18.01	537
BV	bahuvrīhi	5	mahā-bāhu	18.13	537
BV	bahuvrīhi	6	mahā-bāhu	2.26	537
BV	bahuvrīhi	7	mahā-bāhu	2.68	537
BV	bahuvrīhi	8	mahā-bāhu	3.28	537
BV	bahuvrīhi	9	mahā-bāhu	3.43	537
BV	bahuvrīhi	10	mahā-bāhu	5.03	537
BV	bahuvrīhi	11	mahā-bāhu	5.06	537
BV	bahuvrīhi	12	mahā-bāhu	6.35	537
BV	bahuvrīhi	13	mahā-bāhu	6.38	537
BV	bahuvrīhi	14	mahā-bāhu	7.05	537
BV	bahuvrīhi	15	dharma-ātman	9.31	480
BV	bahuvrīhi	16	mahā-ātman	11.50	330
BV	bahuvrīhi	17	mahā-ātman	7.19	330
BV	bahuvrīhi	18	mahā-bāhu	1.18	189
BV	bahuvrīhi	19	mahā-iṣu-āsa	1.04	47
BV	bahuvrīhi	20	viśuddha-ātman	5.07	38
BV	bahuvrīhi	21	bhīma-karman	1.15	14
BV	bahuvrīhi	22	vyātta-ānana	11.24	13
BV	bahuvrīhi	23	yuktātman	7.18	13
BV	bahuvrīhi	24	mahā-ratha	1.04	7
BV	bahuvrīhi	25	mahā-ratha	1.06	7
BV	bahuvrīhi	26	mahā-ratha	1.17	7
BV	bahuvrīhi	27	mahā-ratha	2.35	7
BV	bahuvrīhi	28	tejo-rāśi	11.17	6
BV	bahuvrīhi	29	parama-iṣu-āsa	1.17	5
BV	bahuvrīhi	30	ananta-vīrya	11.19	5
BV	bahuvrīhi	31	a-vyakta-ādi	2.28	4
BV	bahuvrīhi	32	kāma-rūpa	3.39	4
BV	bahuvrīhi	33	kāma-rūpa	3.43	4
BV	bahuvrīhi	34	mahā-anubhāva	2.05	3
BV	bahuvrīhi	35	vyakta-madhya	2.28	3
BV	bahuvrīhi	36	bahu-śākhā	2.41	3
BV	bahuvrīhi	37	nava-dvāra	5.13	3
BV	bahuvrīhi	38	kamala-patra-akṣa	11.02	2
BV	bahuvrīhi	39	ūrdhva-mūla	15.01	2
BV	bahuvrīhi	40	kāma-ātman	2.43	2
BV	bahuvrīhi	41	avyayātman	4.06	2
BV	bahuvrīhi	42	saṁśaya-ātman	4.40	2
BV	bahuvrīhi	43	bhūtādi	9.13	2
BV	bahuvrīhi	44	catur-bhuja	11.46	1
BV	bahuvrīhi	45	sthira-buddhi	12.19	1
BV	bahuvrīhi	46	karma-anubandhi	15.02	1
BV	bahuvrīhi	47	asakta-ātman	18.49	1
BV	bahuvrīhi	48	artha-kāma	2.05	1
BV	bahuvrīhi	49	a-vyakta-nidhana	2.28	1
BV	bahuvrīhi	50	kriyā-viśeṣa-bahulā	2.43	1
BV	bahuvrīhi	51	ātma-rati	3.17	1
BV	bahuvrīhi	52	asakta-ātman	5.21	1
BV	bahuvrīhi	53	yukta-ceṣṭa	6.17	1
BV	bahuvrīhi	54	a-saṁyata-ātman	6.36	1
BV	bahuvrīhi	55	vaśya-ātman	6.36	1
BV	bahuvrīhi	56	sahasra-yuga-paryanta	8.17	1
BV	bahuvrīhi	57	kāma-kāma	9.21	1
BV	bahuvrīhi	58	tyakta-jīvita	1.09	0
BV	bahuvrīhi	59	nānā-śastra-praharaṇa	1.09	0
BV	bahuvrīhi	60	vṛka-udara	1.15	0
BV	bahuvrīhi	61	ananta-vijaya	1.16	0
BV	bahuvrīhi	62	kapi-dhvaja	1.20	0
BV	bahuvrīhi	63	govinda	1.32	0
BV	bahuvrīhi	64	sa-bāndhava	1.37	0
BV	bahuvrīhi	65	lobha-upahata-cetas	1.38	0
BV	bahuvrīhi	66	lupta-piṇḍa-udaka-kriya	1.42	0
BV	bahuvrīhi	67	utsanna-kula-dharma	1.44	0
BV	bahuvrīhi	68	śastra-pāṇi	1.46	0
BV	bahuvrīhi	69	sa-śara	1.47	0
BV	bahuvrīhi	70	śoka-saṁvigna-mānasa	1.47	0
BV	bahuvrīhi	71	mad-bhāva	10.06	0
BV	bahuvrīhi	72	viśvato-mukha	10.33	0
BV	bahuvrīhi	73	tejaḥ-aṁśa-saṁbhava	10.41	0
BV	bahuvrīhi	74	nānā-varṇa-ākṛti	11.05	0
BV	bahuvrīhi	75	adṛṣṭa-pūrva	11.06	0
BV	bahuvrīhi	76	aneka-adbhuta-darśana	11.10	0
BV	bahuvrīhi	77	aneka-divya-ābharaṇa	11.10	0
BV	bahuvrīhi	78	divya-aneka-udyata-āyudha	11.10	0
BV	bahuvrīhi	79	divya-gandha-anulepana	11.11	0
BV	bahuvrīhi	80	viśvato-mukha	11.11	0
BV	bahuvrīhi	81	mahā-ātman	11.12	0
BV	bahuvrīhi	82	hṛṣṭa-roman	11.14	0
BV	bahuvrīhi	83	kṛta-añjali	11.14	0
BV	bahuvrīhi	84	an-eka-bāhu-udara-vaktra-netra	11.16	0
BV	bahuvrīhi	85	ananta-rūpa	11.16	0
BV	bahuvrīhi	86	viśva-rūpa	11.16	0
BV	bahuvrīhi	87	ananta-bāhu	11.19	0
BV	bahuvrīhi	88	dīpta-hutāśa-vaktra	11.19	0
BV	bahuvrīhi	89	mahā-ātman	11.20	0
BV	bahuvrīhi	90	bahu-vaktra-netra	11.23	0
BV	bahuvrīhi	91	bahu-udara	11.23	0
BV	bahuvrīhi	92	aneka-varṇa	11.24	0
BV	bahuvrīhi	93	dīpta-viśāla-netra	11.24	0
BV	bahuvrīhi	94	pravyathita-antar-ātman	11.24	0
BV	bahuvrīhi	95	ugra-rūpa	11.31	0
BV	bahuvrīhi	96	kṛta-añjali	11.35	0
BV	bahuvrīhi	97	mahā-ātman	11.37	0
BV	bahuvrīhi	98	ananta-rūpa	11.38	0
BV	bahuvrīhi	99	śaśa-aṅka	11.39	0
BV	bahuvrīhi	100	ananta-vīrya	11.40	0
BV	bahuvrīhi	101	amita-vikrama	11.40	0
BV	bahuvrīhi	102	apratima-prabhāva	11.43	0
BV	bahuvrīhi	103	adṛṣṭa-pūrva	11.45	0
BV	bahuvrīhi	104	cakra-hasta	11.46	0
BV	bahuvrīhi	105	sahasra-bāhu	11.46	0
BV	bahuvrīhi	106	viśva-mūrti	11.46	0
BV	bahuvrīhi	107	saumya-vapus	11.50	0
BV	bahuvrīhi	108	sa-cetas	11.51	0
BV	bahuvrīhi	109	sama-buddhi	12.04	0
BV	bahuvrīhi	110	āveśita-cetas	12.07	0
BV	bahuvrīhi	111	mat-karma-parama	12.10	0
BV	bahuvrīhi	112	sama-duḥkha-sukha	12.13	0
BV	bahuvrīhi	113	yatātman	12.14	0
BV	bahuvrīhi	114	dṛḍha-niścaya	12.14	0
BV	bahuvrīhi	115	gata-vyatha	12.16	0
BV	bahuvrīhi	116	a-niketa	12.19	0
BV	bahuvrīhi	117	yat-prabhāva	13.03	0
BV	bahuvrīhi	118	sa-vikāra	13.06	0
BV	bahuvrīhi	119	mat-para	13.12	0
BV	bahuvrīhi	120	prakṛti-saṁbhava	13.19	0
BV	bahuvrīhi	121	śruti-parāyaṇa	13.25	0
BV	bahuvrīhi	122	prakṛti-saṁbhava	14.05	0
BV	bahuvrīhi	123	deha-samudbhava	14.20	0
BV	bahuvrīhi	124	sama-duḥkha-sukha	14.24	0
BV	bahuvrīhi	125	adhaḥ-śākha	15.01	0
BV	bahuvrīhi	126	suvirūḍha-mūla	15.03	0
BV	bahuvrīhi	127	jita-saṅga-doṣa	15.05	0
BV	bahuvrīhi	128	vinivṛtta-kāma	15.05	0
BV	bahuvrīhi	129	śaśa-aṅka	15.06	0
BV	bahuvrīhi	130	jñāna-cakṣuḥ	15.10	0
BV	bahuvrīhi	131	a-kṛta-ātman	15.11	0
BV	bahuvrīhi	132	kṛta-kṛtya	15.20	0
BV	bahuvrīhi	133	a-satya	16.08	0
BV	bahuvrīhi	134	a-pratiṣṭha	16.08	0
BV	bahuvrīhi	135	an-īśvara	16.08	0
BV	bahuvrīhi	136	kāma-haituka	16.08	0
BV	bahuvrīhi	137	naṣṭa-ātman	16.09	0
BV	bahuvrīhi	138	alpa-buddhi	16.09	0
BV	bahuvrīhi	139	ugra-karman	16.09	0
BV	bahuvrīhi	140	aśuci-vrata	16.10	0
BV	bahuvrīhi	141	kāma-upabhoga-parama	16.11	0
BV	bahuvrīhi	142	āśā-pāśa-śata	16.12	0
BV	bahuvrīhi	143	kāma-krodha-parāyaṇa	16.12	0
BV	bahuvrīhi	144	mano-ratha	16.13	0
BV	bahuvrīhi	145	aneka-citta-vibhrānta	16.16	0
BV	bahuvrīhi	146	yac-chraddha	17.03	0
BV	bahuvrīhi	147	āsura-niścaya	17.06	0
BV	bahuvrīhi	148	yāta-yāma	17.10	0
BV	bahuvrīhi	149	gata-rasa	17.10	0
BV	bahuvrīhi	150	vidhi-dṛṣṭa	17.11	0
BV	bahuvrīhi	151	asṛṣṭa-anna	17.13	0
BV	bahuvrīhi	152	a-dakṣiṇa	17.13	0
BV	bahuvrīhi	153	kṛta-anta	18.13	0
BV	bahuvrīhi	154	sa-ahaṁ-kāra	18.24	0
BV	bahuvrīhi	155	bahula-āyāsa	18.24	0
BV	bahuvrīhi	156	mukta-saṅga	18.26	0
BV	bahuvrīhi	157	nir-vikāra	18.26	0
BV	bahuvrīhi	158	sva-bhāva-prabhava	18.41	0
BV	bahuvrīhi	159	sa-doṣa	18.48	0
BV	bahuvrīhi	160	jita-ātman	18.49	0
BV	bahuvrīhi	161	vigata-spṛha	18.49	0
BV	bahuvrīhi	162	yata-vāk-kāya-mānasa	18.52	0
BV	bahuvrīhi	163	dhyāna-yoga-para	18.52	0
BV	bahuvrīhi	164	prasanna-ātman	18.54	0
BV	bahuvrīhi	165	mad-vyapāśraya	18.56	0
BV	bahuvrīhi	166	man-manas	18.65	0
BV	bahuvrīhi	167	puṇya-karman	18.71	0
BV	bahuvrīhi	168	gata-saṁdeha	18.73	0
BV	bahuvrīhi	169	mahā-ātman	18.74	0
BV	bahuvrīhi	170	roma-harṣaṇa	18.74	0
BV	bahuvrīhi	171	aśru-pūrṇa-ākula-īkṣaṇa	2.01	0
BV	bahuvrīhi	172	kārpaṇya-doṣa-upahata-svabhāva	2.07	0
BV	bahuvrīhi	173	dharma-saṁmūḍha-cetas	2.07	0
BV	bahuvrīhi	174	govinda	2.09	0
BV	bahuvrīhi	175	gata-asu	2.11	0
BV	bahuvrīhi	176	a-gata-asu	2.11	0
BV	bahuvrīhi	177	sama-duḥkha-sukha	2.15	0
BV	bahuvrīhi	178	kṛta-niścaya	2.37	0
BV	bahuvrīhi	179	svarga-para	2.43	0
BV	bahuvrīhi	180	apahṛta-cetas	2.44	0
BV	bahuvrīhi	181	traiguṇya-viṣaya	2.45	0
BV	bahuvrīhi	182	niryoga-kṣema	2.45	0
BV	bahuvrīhi	183	karma-phala-hetu	2.47	0
BV	bahuvrīhi	184	phala-hetu	2.49	0
BV	bahuvrīhi	185	sthita-prajña	2.54	0
BV	bahuvrīhi	186	sthita-dhī	2.54	0
BV	bahuvrīhi	187	sthita-prajña	2.55	0
BV	bahuvrīhi	188	an-ud-vigna-manas	2.56	0
BV	bahuvrīhi	189	vigata-spṛha	2.56	0
BV	bahuvrīhi	190	sthita-dhī	2.56	0
BV	bahuvrīhi	191	vidheya-ātman	2.64	0
BV	bahuvrīhi	192	prasanna-cetas	2.65	0
BV	bahuvrīhi	193	acala-pratiṣṭha	2.70	0
BV	bahuvrīhi	194	vi-mūḍha-ātman	3.06	0
BV	bahuvrīhi	195	yajña-artha	3.09	0
BV	bahuvrīhi	196	karma-bandhana	3.09	0
BV	bahuvrīhi	197	mukta-saṅga	3.09	0
BV	bahuvrīhi	198	saha-yajña	3.10	0
BV	bahuvrīhi	199	karma-samudbhava	3.14	0
BV	bahuvrīhi	200	a-kṣara-samudbhava	3.15	0
BV	bahuvrīhi	201	agha-āyuḥ	3.16	0
BV	bahuvrīhi	202	indriya-ārāma	3.16	0
BV	bahuvrīhi	203	ahaṁkāra-vimūḍhātman	3.27	0
BV	bahuvrīhi	204	vigata-jvara	3.30	0
BV	bahuvrīhi	205	rajo-guṇa-samudbhava	3.37	0
BV	bahuvrīhi	206	jñāna-vijñāna-nāśana	3.41	0
BV	bahuvrīhi	207	jñāna-agni-dagdha-karmāṇa	4.19	0
BV	bahuvrīhi	208	yata-citta-ātman	4.21	0
BV	bahuvrīhi	209	tyakta-sarva-parigraha	4.21	0
BV	bahuvrīhi	210	gata-saṅga	4.23	0
BV	bahuvrīhi	211	jñāna-avasthita-cetas	4.23	0
BV	bahuvrīhi	212	dravya-yajña	4.28	0
BV	bahuvrīhi	213	tapo-yajña	4.28	0
BV	bahuvrīhi	214	yoga-yajña	4.28	0
BV	bahuvrīhi	215	svādhyāya-jñāna-yajña	4.28	0
BV	bahuvrīhi	216	saṁśita-vrata	4.28	0
BV	bahuvrīhi	217	prāṇa-āyāma-parāyaṇa	4.29	0
BV	bahuvrīhi	218	niyata-āhāra	4.30	0
BV	bahuvrīhi	219	yajña-kṣapita-kalmaṣa	4.30	0
BV	bahuvrīhi	220	bahu-vidhā	4.32	0
BV	bahuvrīhi	221	saṁyata-indriya	4.39	0
BV	bahuvrīhi	222	saṁśaya-ātman	4.40	0
BV	bahuvrīhi	223	yoga-saṁnyasta-karman	4.41	0
BV	bahuvrīhi	224	vijita-ātman	5.07	0
BV	bahuvrīhi	225	jita-indriya	5.07	0
BV	bahuvrīhi	226	sarva-bhūta-ātma-bhūta-ātman	5.07	0
BV	bahuvrīhi	227	tad-buddhi	5.17	0
BV	bahuvrīhi	228	tad-ātman	5.17	0
BV	bahuvrīhi	229	tad-niṣṭha	5.17	0
BV	bahuvrīhi	230	tad-parāyaṇa	5.17	0
BV	bahuvrīhi	231	jñāna-nirdhūta-kalmaṣa	5.17	0
BV	bahuvrīhi	232	sthira-buddhi	5.20	0
BV	bahuvrīhi	233	brahma-yoga-yuktātman	5.21	0
BV	bahuvrīhi	234	antaḥ-sukha	5.24	0
BV	bahuvrīhi	235	antaḥ-ārāma	5.24	0
BV	bahuvrīhi	236	antaḥ-jyotiḥ	5.24	0
BV	bahuvrīhi	237	kṣīṇa-kalmaṣa	5.25	0
BV	bahuvrīhi	238	chinna-dvaidha	5.25	0
BV	bahuvrīhi	239	yatātman	5.25	0
BV	bahuvrīhi	240	yata-cetas	5.26	0
BV	bahuvrīhi	241	vidita-ātman	5.26	0
BV	bahuvrīhi	242	mokṣa-parāyaṇa	5.28	0
BV	bahuvrīhi	243	vigata-icchā-bhaya-krodha	5.28	0
BV	bahuvrīhi	244	an-ātman	6.06	0
BV	bahuvrīhi	245	jita-ātman	6.07	0
BV	bahuvrīhi	246	jñāna-vijñāna-tṛpta-ātman	6.08	0
BV	bahuvrīhi	247	vijita-indriya	6.08	0
BV	bahuvrīhi	248	sama-buddhi	6.09	0
BV	bahuvrīhi	249	a-pari-graha	6.10	0
BV	bahuvrīhi	250	praśānta-ātman	6.14	0
BV	bahuvrīhi	251	vigata-bhī	6.14	0
BV	bahuvrīhi	252	niyata-mānasa	6.15	0
BV	bahuvrīhi	253	nirvāṇa-paramā	6.15	0
BV	bahuvrīhi	254	ati-svapna-śīlasya	6.16	0
BV	bahuvrīhi	255	yata-citta	6.19	0
BV	bahuvrīhi	256	saṁkalpa-prabhava	6.24	0
BV	bahuvrīhi	257	praśānta-manas	6.27	0
BV	bahuvrīhi	258	śānta-rajas	6.27	0
BV	bahuvrīhi	259	vigata-kalmaṣa	6.28	0
BV	bahuvrīhi	260	brahma-saṁsparśa	6.28	0
BV	bahuvrīhi	261	yoga-yuktātman	6.29	0
BV	bahuvrīhi	262	sama-darśana	6.29	0
BV	bahuvrīhi	263	saṁśuddha-kilbiṣa	6.45	0
BV	bahuvrīhi	264	aneka-janma-saṁsiddha	6.45	0
BV	bahuvrīhi	265	ā-sakta-manas	7.01	0
BV	bahuvrīhi	266	sa-vijñāna	7.02	0
BV	bahuvrīhi	267	etad-yoni	7.06	0
BV	bahuvrīhi	268	apahṛta-jñāna	7.15	0
BV	bahuvrīhi	269	hṛta-jñāna	7.20	0
BV	bahuvrīhi	270	alpa-medhas	7.23	0
BV	bahuvrīhi	271	puṇya-karman	7.28	0
BV	bahuvrīhi	272	dṛḍha-vrata	7.28	0
BV	bahuvrīhi	273	sa-adhi-yajña	7.30	0
BV	bahuvrīhi	274	yukta-cetas	7.30	0
BV	bahuvrīhi	275	niyata-ātman	8.02	0
BV	bahuvrīhi	276	acintya-rūpa	8.09	0
BV	bahuvrīhi	277	āditya-varṇa	8.09	0
BV	bahuvrīhi	278	vīta-rāga	8.11	0
BV	bahuvrīhi	279	an-anya-cetas	8.14	0
BV	bahuvrīhi	280	mahā-ātman	8.15	0
BV	bahuvrīhi	281	yuga-sahasra-antā	8.17	0
BV	bahuvrīhi	282	praty-akṣa-avagama	9.02	0
BV	bahuvrīhi	283	moghāśa	9.12	0
BV	bahuvrīhi	284	mogha-karman	9.12	0
BV	bahuvrīhi	285	mogha-jñāna	9.12	0
BV	bahuvrīhi	286	mahā-ātman	9.13	0
BV	bahuvrīhi	287	an-anya-manas	9.13	0
BV	bahuvrīhi	288	dṛḍha-vrata	9.14	0
BV	bahuvrīhi	289	viśvato-mukha	9.15	0
BV	bahuvrīhi	290	trai-vidya	9.20	0
BV	bahuvrīhi	291	deva-vrata	9.25	0
BV	bahuvrīhi	292	pitṛ-vrata	9.25	0
BV	bahuvrīhi	293	bhūta-ijya	9.25	0
BV	bahuvrīhi	294	prayata-ātman	9.26	0
BV	bahuvrīhi	295	saṁnyāsa-yoga-yukta-ātman	9.28	0
BV	bahuvrīhi	296	pāpa-yoni	9.32	0
BV	bahuvrīhi	297	man-manas	9.34	0
BV	bahuvrīhi	298	mat-parāyaṇa	9.34	0
DV	dvandva	1	su-ghoṣa-maṇi-puṣpaka	1.16	0
DV	dvandva	2	suhṛn-mitra-ary-udāsīna-madhya-stha-dveṣya-bandhu	6.09	0
