rank	lesson	type	type_name	compound	form	verse	corpus_freq	cumulative_freq_pct
1	1	KD	karmadhāraya	puruṣa-rṣabha	puruṣa-rṣabha	2.15	181	1.38
2	2	TP	tatpuruṣa	dvi-ja-uttama	dvijottama	1.07	210	2.98
3	2	TP	tatpuruṣa	bharata-rṣabha	bharata-śreṣṭha	17.12	184	4.38
4	2	TP	tatpuruṣa	deva-īśa	deveśa	11.25	146	5.49
5	2	TP	tatpuruṣa	deva-īśa	deveśa	11.37	146	6.6
6	2	TP	tatpuruṣa	deva-īśa	deveśa	11.45	146	7.71
7	2	TP	tatpuruṣa	śrī-bhagavant	śrī-bhagavān	10.01	78	8.3
8	2	TP	tatpuruṣa	śrī-bhagavant	śrī-bhagavān	10.19	78	8.9
9	2	TP	tatpuruṣa	śrī-bhagavant	śrī-bhagavān	11.05	78	9.49
10	2	TP	tatpuruṣa	śrī-bhagavant	śrī-bhagavān	11.32	78	10.09
11	2	TP	tatpuruṣa	śrī-bhagavant	śrī-bhagavān	11.47	78	10.68
12	2	TP	tatpuruṣa	śrī-bhagavant	śrī-bhagavān	11.52	78	11.27
13	2	TP	tatpuruṣa	śrī-bhagavant	śrī-bhagavān	12.02	78	11.87
14	2	TP	tatpuruṣa	śrī-bhagavant	śrī-bhagavān	13.01	78	12.46
15	2	TP	tatpuruṣa	śrī-bhagavant	śrī-bhagavān	14.01	78	13.05
16	2	TP	tatpuruṣa	śrī-bhagavant	śrī-bhagavān	14.22	78	13.65
17	2	TP	tatpuruṣa	śrī-bhagavant	śrī-bhagavān	15.01	78	14.24
18	2	TP	tatpuruṣa	śrī-bhagavant	śrī-bhagavān	16.01	78	14.83
19	2	TP	tatpuruṣa	śrī-bhagavant	śrī-bhagavān	17.02	78	15.43
20	2	TP	tatpuruṣa	śrī-bhagavant	śrī-bhagavān	18.02	78	16.02
21	2	TP	tatpuruṣa	śrī-bhagavant	śrī-bhagavān	2.02	78	16.62
22	2	TP	tatpuruṣa	śrī-bhagavant	śrī-bhagavān	2.11	78	17.21
23	2	TP	tatpuruṣa	śrī-bhagavant	śrī-bhagavān	2.55	78	17.8
24	2	TP	tatpuruṣa	śrī-bhagavant	śrī-bhagavān	3.03	78	18.4
25	2	TP	tatpuruṣa	śrī-bhagavant	śrī-bhagavān	3.37	78	18.99
26	2	TP	tatpuruṣa	śrī-bhagavant	śrī-bhagavān	4.01	78	19.58
27	2	TP	tatpuruṣa	śrī-bhagavant	śrī-bhagavān	4.05	78	20.18
28	2	TP	tatpuruṣa	śrī-bhagavant	śrī-bhagavān	5.02	78	20.77
29	2	TP	tatpuruṣa	śrī-bhagavant	śrī-bhagavān	6.01	78	21.37
30	2	TP	tatpuruṣa	śrī-bhagavant	śrī-bhagavān	6.35	78	21.96
31	2	TP	tatpuruṣa	śrī-bhagavant	śrī-bhagavān	6.40	78	22.55
32	2	TP	tatpuruṣa	śrī-bhagavant	śrī-bhagavān	7.01	78	23.15
33	2	TP	tatpuruṣa	śrī-bhagavant	śrī-bhagavān	8.03	78	23.74
34	2	TP	tatpuruṣa	śrī-bhagavant	śrī-bhagavān	9.01	78	24.33
35	2	TP	tatpuruṣa	sva-tejas	sva-tejasā	11.19	67	24.84
36	2	TP	tatpuruṣa	deva-deva	deva-deva	10.15	60	25.3
37	2	TP	tatpuruṣa	deva-deva	deva-devasya	11.13	60	25.76
38	2	TP	tatpuruṣa	sva-dharma	sva-dharmam	2.31	32	26.0
39	2	TP	tatpuruṣa	sva-dharma	sva-dharmam	2.33	32	26.24
40	2	TP	tatpuruṣa	anta-kāla	anta-kāle	2.72	32	26.49
41	2	TP	tatpuruṣa	anta-kāla	anta-kāle	8.05	32	26.73
42	2	TP	tatpuruṣa	jīva-loka	jīva-loke	15.07	28	26.94
43	2	TP	tatpuruṣa	sva-karma	sva-karmaṇā	18.46	22	27.11
44	2	TP	tatpuruṣa	siṁha-nāda	siṁha-nādam	1.12	21	27.27
45	2	TP	tatpuruṣa	bhakti-yoga	bhakti-yogena	14.26	21	27.43
46	2	TP	tatpuruṣa	kalpa-ādi	kalpādau	9.07	18	27.57
47	2	TP	tatpuruṣa	sūta-putra	sūta-putraḥ	11.26	17	27.7
48	2	TP	tatpuruṣa	brahma-bhūya	brahma-bhūyāya	14.26	16	27.82
49	2	TP	tatpuruṣa	brahma-bhūya	brahma-bhūyāya	18.53	16	27.94
50	2	TP	tatpuruṣa	rāja-rṣi	rāja-rṣayaḥ	4.02	16	28.06
51	2	TP	tatpuruṣa	rāja-rṣi	rāja-rṣayaḥ	9.33	16	28.19
52	2	TP	tatpuruṣa	nṛ-loka	nṛ-loke	11.48	15	28.3
53	2	TP	tatpuruṣa	indriya-artha	indriyārtheṣu	13.08	14	28.41
54	2	TP	tatpuruṣa	indriya-artha	indriyārtheṣu	5.09	14	28.51
55	2	TP	tatpuruṣa	indriya-artha	indriyārtheṣu	6.04	14	28.62
56	2	TP	tatpuruṣa	sura-gaṇa	sura-gaṇāḥ	10.02	12	28.71
57	2	TP	tatpuruṣa	abhyāsa-yoga	abhyāsa-yogena	12.09	11	28.79
58	2	TP	tatpuruṣa	jñāna-yoga	jñāna-yogena	3.03	11	28.88
59	2	TP	tatpuruṣa	kalpa-kṣaya	kalpa-kṣaye	9.07	9	28.95
60	2	TP	tatpuruṣa	kuru-pravīra	kuru-pravīra	11.48	8	29.01
61	2	TP	tatpuruṣa	tattva-darśin	tattva-darśibhiḥ	2.16	8	29.07
62	2	TP	tatpuruṣa	deva-rṣi	deva-rṣiḥ	10.13	7	29.12
63	2	TP	tatpuruṣa	sva-dharma	sva-dharmaḥ	18.47	7	29.17
64	2	TP	tatpuruṣa	guṇa-karma	guṇa-karmasu	3.29	7	29.23
65	2	TP	tatpuruṣa	sva-dharma	sva-dharmaḥ	3.35	7	29.28
66	2	TP	tatpuruṣa	ātma-aupamya	ātmaupamyena	6.32	7	29.33
67	2	TP	tatpuruṣa	roma-harṣa	roma-harṣaḥ	1.29	6	29.38
68	2	TP	tatpuruṣa	yoga-īśvara	yogeśvara	11.04	5	29.42
69	2	TP	tatpuruṣa	kāma-bhoga	kāma-bhogeṣu	16.16	5	29.46
70	2	TP	tatpuruṣa	vaiśya-karma	vaiśya-karma	18.44	5	29.49
71	2	TP	tatpuruṣa	laghv-āśin	laghv-āśī	18.52	5	29.53
72	2	TP	tatpuruṣa	indriya-artha	indriyārthān	3.06	5	29.57
73	2	TP	tatpuruṣa	kula-dharma	kula-dharmāḥ	1.40	4	29.6
74	2	TP	tatpuruṣa	kula-dharma	kula-dharmāḥ	1.43	4	29.63
75	2	TP	tatpuruṣa	jñāna-dīpa	jñāna-dīpena	10.11	4	29.66
76	2	TP	tatpuruṣa	sūrya-sahasra	sūrya-sahasrasya	11.12	4	29.69
77	2	TP	tatpuruṣa	nara-adhama	narādhamān	16.19	4	29.72
78	2	TP	tatpuruṣa	bhūta-gaṇa	bhūta-gaṇān	17.04	4	29.75
79	2	TP	tatpuruṣa	yoga-īśvara	yogeśvaraḥ	18.78	4	29.78
80	2	TP	tatpuruṣa	karma-phala	karma-phale	4.14	4	29.81
81	2	TP	tatpuruṣa	padma-patra	padma-patram	5.10	4	29.84
82	2	TP	tatpuruṣa	rātry-āgama	rātry-āgame	8.18	4	29.88
83	2	TP	tatpuruṣa	bhūta-grāma	bhūta-grāmaḥ	8.19	4	29.91
84	2	TP	tatpuruṣa	rātry-āgama	rātry-āgame	8.19	4	29.94
85	2	TP	tatpuruṣa	dharma-kṣetra	dharma-kṣetre	1.01	3	29.96
86	2	TP	tatpuruṣa	pāṇḍu-putra	pāṇḍu-putrāṇām	1.03	3	29.98
87	2	TP	tatpuruṣa	mitra-droha	mitra-drohe	1.38	3	30.0
88	2	TP	tatpuruṣa	kula-strī	kula-striyaḥ	1.41	3	30.03
89	2	TP	tatpuruṣa	manaḥ-prasāda	manaḥ-prasādaḥ	17.16	3	30.05
90	2	TP	tatpuruṣa	svarga-dvāra	svarga-dvāram	2.32	3	30.07
91	2	TP	tatpuruṣa	kāma-kāmin	kāma-kāmī	2.70	3	30.1
92	2	TP	tatpuruṣa	dharma-saṁsthāpana-artha	dharma-saṁsthāpanārthāya	4.08	3	30.12
93	2	TP	tatpuruṣa	prayāṇa-kāla	prayāṇa-kāle	7.30	3	30.14
94	2	TP	tatpuruṣa	prayāṇa-kāla	prayāṇa-kāle	8.02	3	30.16
95	2	TP	tatpuruṣa	prayāṇa-kāla	prayāṇa-kāle	8.10	3	30.19
96	2	TP	tatpuruṣa	yoga-bala	yoga-balena	8.10	3	30.21
97	2	TP	tatpuruṣa	martya-loka	martya-lokam	9.21	3	30.23
98	2	TP	tatpuruṣa	pāṇḍava-anīka	pāṇḍavānīkam	1.02	2	30.25
99	2	TP	tatpuruṣa	drupada-putra	drupada-putreṇa	1.03	2	30.26
100	2	TP	tatpuruṣa	kāśi-rāja	kāśi-rājaḥ	1.05	2	30.28
101	2	TP	tatpuruṣa	sva-janam	sva-janam	1.31	2	30.29
102	2	TP	tatpuruṣa	sva-jana	sva-janam	1.37	2	30.31
103	2	TP	tatpuruṣa	kula-kṣaya	kula-kṣaye	1.40	2	30.32
104	2	TP	tatpuruṣa	jāti-dharma	jāti-dharmāḥ	1.43	2	30.34
105	2	TP	tatpuruṣa	sva-janam	sva-janam	1.45	2	30.35
106	2	TP	tatpuruṣa	japa-yajña	japa-yajñaḥ	10.25	2	30.37
107	2	TP	tatpuruṣa	adhi-ātma-vidyā	adhy-ātma-vidyā	10.32	2	30.39
108	2	TP	tatpuruṣa	śāśvata-dharma-goptṛ	śāśvata-dharma-goptā	11.18	2	30.4
109	2	TP	tatpuruṣa	daṁṣṭrā-karāla	daṁṣṭrā-karālāni	11.25	2	30.42
110	2	TP	tatpuruṣa	yodha-mukhya	yodha-mukhyaiḥ	11.26	2	30.43
111	2	TP	tatpuruṣa	daṁṣṭrā-karāla	daṁṣṭrā-karālāni	11.27	2	30.45
112	2	TP	tatpuruṣa	siddha-saṁgha	siddha-saṁghāḥ	11.36	2	30.46
113	2	TP	tatpuruṣa	guṇa-bhoktṛ	guṇa-bhoktṛ	13.14	2	30.48
114	2	TP	tatpuruṣa	duḥkha-anta	duḥkhāntam	18.36	2	30.49
115	2	TP	tatpuruṣa	hṛd-deśa	hṛd-deśe	18.61	2	30.51
116	2	TP	tatpuruṣa	jñāna-yajña	jñāna-yajñena	18.70	2	30.52
117	2	TP	tatpuruṣa	jñāna-agni	jñānāgniḥ	4.37	2	30.54
118	2	TP	tatpuruṣa	karma-phala	karma-phalam	5.12	2	30.55
119	2	TP	tatpuruṣa	karma-phala	karma-phalam	6.01	2	30.57
120	2	TP	tatpuruṣa	puṇya-phala	puṇya-phalam	8.28	2	30.58
121	2	TP	tatpuruṣa	jñāna-yajña	jñāna-yajñena	9.15	2	30.6
122	2	TP	tatpuruṣa	kuntī-putra	kuntī-putraḥ	1.16	1	30.61
123	2	TP	tatpuruṣa	śastra-saṁpāta	śastra-saṁpāte	1.20	1	30.61
124	2	TP	tatpuruṣa	trai-lokya-rājya	trai-lokya-rājyasya	1.35	1	30.62
125	2	TP	tatpuruṣa	kula-ghna	kula-ghnānām	1.42	1	30.63
126	2	TP	tatpuruṣa	kula-ghna	kula-ghnānām	1.43	1	30.64
127	2	TP	tatpuruṣa	deva-rṣi	deva-rṣīṇām	10.26	1	30.64
128	2	TP	tatpuruṣa	gaja-indra	gajendrāṇām	10.27	1	30.65
129	2	TP	tatpuruṣa	mahā-yoga-īśvara	mahā-yogeśvaraḥ	11.09	1	30.66
130	2	TP	tatpuruṣa	daśana-antara	daśanāntareṣu	11.27	1	30.67
131	2	TP	tatpuruṣa	indriya-grāma	indriya-grāmam	12.04	1	30.67
132	2	TP	tatpuruṣa	karma-yoga	karma-yogena	13.24	1	30.68
133	2	TP	tatpuruṣa	bhūta-pṛthag-bhāva	bhūta-pṛthag-bhāvam	13.30	1	30.69
134	2	TP	tatpuruṣa	sukha-saṅga	sukha-saṅgena	14.06	1	30.7
135	2	TP	tatpuruṣa	jñāna-saṅga	jñāna-saṅgena	14.06	1	30.7
136	2	TP	tatpuruṣa	karma-saṅga	karma-saṅgena	14.07	1	30.71
137	2	TP	tatpuruṣa	karma-saṅgin	karma-saṅgiṣu	14.15	1	30.72
138	2	TP	tatpuruṣa	bhūta-sarga	bhūta-sargau	16.06	1	30.73
139	2	TP	tatpuruṣa	artha-saṁcaya	artha-saṁcayān	16.12	1	30.74
140	2	TP	tatpuruṣa	śāstra-vidhi	śāstra-vidhim	16.23	1	30.74
141	2	TP	tatpuruṣa	śāstra-vidhi	śāstra-vidhim	17.01	1	30.75
142	2	TP	tatpuruṣa	bhūta-grāma	bhūta-grāmam	17.06	1	30.76
143	2	TP	tatpuruṣa	brahma-vādin	brahma-vādinām	17.24	1	30.77
144	2	TP	tatpuruṣa	karma-phala-parityāgin	karma-phala-tyāgī	18.11	1	30.77
145	2	TP	tatpuruṣa	kāma-īpsu	kāmepsunā	18.24	1	30.78
146	2	TP	tatpuruṣa	phala-ākāṅkṣin	phalākāṅkṣī	18.34	1	30.79
147	2	TP	tatpuruṣa	brahma-karma	brahma-karma	18.42	1	30.8
148	2	TP	tatpuruṣa	kṣatra-karma	kṣatra-karma	18.43	1	30.8
149	2	TP	tatpuruṣa	vivikta-sevin	vivikta-sevī	18.52	1	30.81
150	2	TP	tatpuruṣa	pūjā-arha	pūjārhau	2.04	1	30.82
151	2	TP	tatpuruṣa	bhoga-aiśvarya-gati	bhogaiśvarya-gatiṁ	2.43	1	30.83
152	2	TP	tatpuruṣa	indriya-artha	indriyārthebhyaḥ	2.58	1	30.83
153	2	TP	tatpuruṣa	buddhi-nāśa	buddhi-nāśaḥ	2.63	1	30.84
154	2	TP	tatpuruṣa	indriya-artha	indriyārthebhyaḥ	2.68	1	30.85
155	2	TP	tatpuruṣa	karma-yoga	karma-yogena	3.03	1	30.86
156	2	TP	tatpuruṣa	karma-yoga	karma-yogam	3.07	1	30.86
157	2	TP	tatpuruṣa	yajña-śiṣṭa-āśin	yajña-śiṣṭāśinaḥ	3.13	1	30.87
158	2	TP	tatpuruṣa	brahma-agni	brahmāgnau	4.24	1	30.88
159	2	TP	tatpuruṣa	saṁyama-agni	saṁyamāgniṣu	4.26	1	30.89
160	2	TP	tatpuruṣa	indriya-agni	indriyāgniṣu	4.26	1	30.9
161	2	TP	tatpuruṣa	prāṇa-karman	prāṇa-karmāṇi	4.27	1	30.9
162	2	TP	tatpuruṣa	ātma-saṁyama-yoga-agni	ātma-saṁyama-yogāgnau	4.27	1	30.91
163	2	TP	tatpuruṣa	prāṇa-apāna-gati	prāṇāpāna-gatī	4.29	1	30.92
164	2	TP	tatpuruṣa	karma-yoga	karma-yogaḥ	5.02	1	30.93
165	2	TP	tatpuruṣa	karma-yoga	karma-yogaḥ	5.02	1	30.93
166	2	TP	tatpuruṣa	nāsikā-agra	nāsikāgram	6.13	1	30.94
167	2	TP	tatpuruṣa	indriya-grāma	indriya-grāmam	6.24	1	30.95
168	2	TP	tatpuruṣa	dharma-aviruddha	dharmāviruddhaḥ	7.11	1	30.96
169	2	TP	tatpuruṣa	dvaṁdva-moha	dvaṁdva-mohena	7.27	1	30.96
170	2	TP	tatpuruṣa	rāja-vidyā	rāja-vidyā	9.02	1	30.97
171	2	TP	tatpuruṣa	bhūta-grāma	bhūta-grāmam	9.08	1	30.98
172	2	TP	tatpuruṣa	svarga-loka	svarga-lokam	9.21	1	30.99
173	2	TP	tatpuruṣa	trayī-dharma	trayī-dharmam	9.21	1	30.99
174	2	TP	tatpuruṣa	kuru-kṣetra	kuru-kṣetre	1.01	0	30.99
175	2	TP	tatpuruṣa	bhīma-arjuna-sama	bhīmārjuna-samāḥ	1.04	0	30.99
176	2	TP	tatpuruṣa	nara-puṅgava	nara-puṁgavaḥ	1.05	0	30.99
177	2	TP	tatpuruṣa	mad-artha	mad-arthe	1.09	0	30.99
178	2	TP	tatpuruṣa	yuddha-viśārada	yuddha-viśāradāḥ	1.09	0	30.99
179	2	TP	tatpuruṣa	bhīṣma-abhi-rakṣita	bhīṣmābhirakṣitam	1.10	0	30.99
180	2	TP	tatpuruṣa	bhīma-abhi-rakṣita	bhīmābhirakṣitam	1.10	0	30.99
181	2	TP	tatpuruṣa	kuru-vṛddha	kuru-vṛddhaḥ	1.12	0	30.99
182	2	TP	tatpuruṣa	deva-datta	deva-dattam	1.15	0	30.99
183	2	TP	tatpuruṣa	pṛthivī-pati	pṛthivīpate	1.18	0	30.99
184	2	TP	tatpuruṣa	mahī-pati	mahī-pate	1.21	0	30.99
185	2	TP	tatpuruṣa	raṇa-sam-ud-yama	raṇa-samudyame	1.22	0	30.99
186	2	TP	tatpuruṣa	priya-cikīrṣu	priya-cikīrṣavaḥ	1.23	0	30.99
187	2	TP	tatpuruṣa	mahī-kṣit	mahī-kṣitām	1.25	0	30.99
188	2	TP	tatpuruṣa	sva-jana	sva-janān	1.28	0	30.99
189	2	TP	tatpuruṣa	kula-kṣaya-kṛta	kula-kṣaya-kṛtam	1.38	0	30.99
190	2	TP	tatpuruṣa	kula-kṣaya-kṛta	kula-kṣaya-kṛtam	1.39	0	30.99
191	2	TP	tatpuruṣa	a-dharma-abhi-bhava	adharmābhibhavāt	1.41	0	30.99
192	2	TP	tatpuruṣa	varṇa-saṁkara	varṇa-saṁkaraḥ	1.41	0	30.99
193	2	TP	tatpuruṣa	varṇa-saṁkara-kāraka	varṇa-saṁkara-kārakaiḥ	1.43	0	30.99
194	2	TP	tatpuruṣa	rājya-sukha-lobha	rājya-sukha-lobhena	1.45	0	30.99
195	2	TP	tatpuruṣa	hita-kāmyā	hita-kāmyayā	10.01	0	30.99
196	2	TP	tatpuruṣa	loka-mahā-īśvara	loka-maheśvaram	10.03	0	30.99
197	2	TP	tatpuruṣa	bhāva-samanvita	bhāva-samanvitāḥ	10.08	0	30.99
198	2	TP	tatpuruṣa	buddhi-yoga	buddhi-yogam	10.10	0	30.99
199	2	TP	tatpuruṣa	ādi-deva	ādi-devam	10.12	0	30.99
200	2	TP	tatpuruṣa	puruṣa-uttama	puruṣottama	10.15	0	30.99
201	2	TP	tatpuruṣa	bhūta-iśa	bhūteśa	10.15	0	30.99
202	2	TP	tatpuruṣa	jagat-pati	jagat-pate	10.15	0	30.99
203	2	TP	tatpuruṣa	ātma-vibhūti	ātma-vibhūtayaḥ	10.16	0	30.99
204	2	TP	tatpuruṣa	ātma-vibhūti	ātma-vibhūtayaḥ	10.19	0	30.99
205	2	TP	tatpuruṣa	sarva-bhūta-āśaya-sthitaḥ	sarva-bhūtāśaya-sthitaḥ	10.20	0	30.99
206	2	TP	tatpuruṣa	vitta-īśa	vitteśaḥ	10.23	0	30.99
207	2	TP	tatpuruṣa	amṛta-udbhava	amṛtodbhavam	10.27	0	30.99
208	2	TP	tatpuruṣa	nara-adhi-pa	narādhipam	10.27	0	30.99
209	2	TP	tatpuruṣa	mṛga-indra	mṛgendraḥ	10.30	0	30.99
210	2	TP	tatpuruṣa	śastra-bhṛt	śastra-bhṛtām	10.31	0	30.99
211	2	TP	tatpuruṣa	kusuma-ākara	kusumā-karaḥ	10.35	0	30.99
212	2	TP	tatpuruṣa	eka-aṁśa	ekāṁśena	10.42	0	30.99
213	2	TP	tatpuruṣa	puruṣa-uttama	puruṣottama	11.03	0	30.99
214	2	TP	tatpuruṣa	vismaya-āviṣṭa	vismayāviṣṭaḥ	11.14	0	30.99
215	2	TP	tatpuruṣa	bhūta-viśeṣa-saṁgha	bhūta-viśeṣa-saṁghān	11.15	0	30.99
216	2	TP	tatpuruṣa	sura-saṁgha	sura-saṁghāḥ	11.21	0	30.99
217	2	TP	tatpuruṣa	bahu-daṁṣṭrā-karāla	bahu-daṁṣṭrā-karālam	11.23	0	30.99
218	2	TP	tatpuruṣa	kāla-anala-saṁnibha	kālānala-saṁnibhāni	11.25	0	30.99
219	2	TP	tatpuruṣa	avani-pāla-saṁgha	avani-pāla-saṁghaiḥ	11.26	0	30.99
220	2	TP	tatpuruṣa	ambu-vega	ambu-vegāḥ	11.28	0	30.99
221	2	TP	tatpuruṣa	nara-loka-vīra	nara-loka-vīrāḥ	11.28	0	30.99
222	2	TP	tatpuruṣa	deva-vara	deva-vara	11.31	0	30.99
223	2	TP	tatpuruṣa	yodha-vīra	yodha-vīrān	11.34	0	30.99
224	2	TP	tatpuruṣa	tat-para	tat-param	11.37	0	30.99
225	2	TP	tatpuruṣa	ādi-deva	ādi-devaḥ	11.38	0	30.99
226	2	TP	tatpuruṣa	ātma-yoga	ātma-yogāt	11.47	0	30.99
227	2	TP	tatpuruṣa	tvat-anya	tvat-anyena	11.48	0	30.99
228	2	TP	tatpuruṣa	vimūḍha-bhāva	vimūḍha-bhāvaḥ	11.49	0	30.99
229	2	TP	tatpuruṣa	darśana-kāṅkṣin	darśana-kāṅkṣiṇaḥ	11.52	0	30.99
230	2	TP	tatpuruṣa	mad-bhakta	mad-bhaktaḥ	11.55	0	30.99
231	2	TP	tatpuruṣa	saṅga-varjita	saṅga-varjitaḥ	11.55	0	30.99
232	2	TP	tatpuruṣa	sarva-bhūta-hita	sarva-bhūta-hite	12.04	0	30.99
233	2	TP	tatpuruṣa	mṛtyu-saṁsāra-vartman	mṛtyu-saṁsāra-sāgarāt	12.07	0	30.99
234	2	TP	tatpuruṣa	mad-yoga	mad-yogam	12.11	0	30.99
235	2	TP	tatpuruṣa	sarva-karma-phala-tyāga	sarva-karma-phala-tyāgam	12.11	0	30.99
236	2	TP	tatpuruṣa	karma-phala-tyāga	karma-phala-tyāgaḥ	12.12	0	30.99
237	2	TP	tatpuruṣa	mad-bhakta	mad-bhaktaḥ	12.14	0	30.99
238	2	TP	tatpuruṣa	sarva-ārambha-parityāgin	sarvārambha-parityāgī	12.16	0	30.99
239	2	TP	tatpuruṣa	mad-bhakta	mad-bhaktaḥ	12.16	0	30.99
240	2	TP	tatpuruṣa	saṅga-vivarjita	saṅga-vivarjitaḥ	12.18	0	30.99
241	2	TP	tatpuruṣa	dharmya-amṛta	dharmyāmṛtam	12.20	0	30.99
242	2	TP	tatpuruṣa	indriya-gocara	indriya-gocarāḥ	13.05	0	30.99
243	2	TP	tatpuruṣa	ācārya-upāsana	ācāryopāsanam	13.07	0	30.99
244	2	TP	tatpuruṣa	ātma-vinigraha	ātma-vinigrahaḥ	13.07	0	30.99
245	2	TP	tatpuruṣa	vivikta-deśa-sevitva	vivikta-deśa-sevitvam	13.10	0	30.99
246	2	TP	tatpuruṣa	jana-saṁsad	jana-saṁsadi	13.10	0	30.99
247	2	TP	tatpuruṣa	adhy-ātma-jñāna-nityatva	adhy-ātma-jñāna-nityatvam	13.11	0	30.99
248	2	TP	tatpuruṣa	tattva-jñāna-artha-darśana	tattva-jñānārtha-darśanam	13.11	0	30.99
249	2	TP	tatpuruṣa	sarva-indriya-vivarjita	sarvendriya-vivarjitam	13.14	0	30.99
250	2	TP	tatpuruṣa	bhūta-bhartṛ	bhūta-bhartṛ	13.16	0	30.99
251	2	TP	tatpuruṣa	jñāna-gamya	jñāna-gamyam	13.17	0	30.99
252	2	TP	tatpuruṣa	mad-bhakta	mad-bhaktaḥ	13.18	0	30.99
253	2	TP	tatpuruṣa	guṇa-saṅga	guṇa-saṅgaḥ	13.21	0	30.99
254	2	TP	tatpuruṣa	sad-asad-yoni-janman	sad-asad-yoni-janmasu	13.21	0	30.99
255	2	TP	tatpuruṣa	mahā-īśvara	maheśvaraḥ	13.22	0	30.99
256	2	TP	tatpuruṣa	bharata-rṣabha	bharata-rṣabha	13.26	0	30.99
257	2	TP	tatpuruṣa	sarva-gata	sarva-gatam	13.32	0	30.99
258	2	TP	tatpuruṣa	jñāna-cakṣuḥ	jñāna-cakṣuṣā	13.34	0	30.99
259	2	TP	tatpuruṣa	bhūta-prakṛti-mokṣa	bhūta-prakṛti-mokṣam	13.34	0	30.99
260	2	TP	tatpuruṣa	bharata-rṣabha	bharata-rṣabha	14.12	0	30.99
261	2	TP	tatpuruṣa	kuru-nandana	kuru-nandana	14.13	0	30.99
262	2	TP	tatpuruṣa	mūḍha-yoni	mūḍha-yoniṣu	14.15	0	30.99
263	2	TP	tatpuruṣa	sarva-ārambha-parityāgin	sarvārambha-parityāgī	14.25	0	30.99
264	2	TP	tatpuruṣa	guṇa-atīta	guṇātītaḥ	14.25	0	30.99
265	2	TP	tatpuruṣa	guṇa-pravṛddha	guṇa-pravṛddhāḥ	15.02	0	30.99
266	2	TP	tatpuruṣa	viṣaya-pravāla	viṣaya-pravālāḥ	15.02	0	30.99
267	2	TP	tatpuruṣa	asaṅga-śastra	asaṅga-śastreṇa	15.03	0	30.99
268	2	TP	tatpuruṣa	guṇa-anvita	guṇānvitam	15.10	0	30.99
269	2	TP	tatpuruṣa	āditya-gata	āditya-gatam	15.12	0	30.99
270	2	TP	tatpuruṣa	puruṣa-uttama	puruṣottamaḥ	15.18	0	30.99
271	2	TP	tatpuruṣa	puruṣa-uttama	puruṣottamam	15.19	0	30.99
272	2	TP	tatpuruṣa	sattva-saṁśuddhi	sattva-saṁśuddhiḥ	16.01	0	30.99
273	2	TP	tatpuruṣa	a-paras-para-saṁbhūta	aparaspara-saṁbhūtam	16.08	0	30.99
274	2	TP	tatpuruṣa	ajñāna-vimohita	ajñāna-vimohitāḥ	16.15	0	30.99
275	2	TP	tatpuruṣa	moha-jāla-samāvṛta	moha-jāla-samāvṛtāḥ	16.16	0	30.99
276	2	TP	tatpuruṣa	ātma-saṁbhāvita	ātma-saṁbhāvitāḥ	16.17	0	30.99
277	2	TP	tatpuruṣa	dhana-māna-mada-anvita	dhana-māna-madānvitāḥ	16.17	0	30.99
278	2	TP	tatpuruṣa	nāma-yajña	nāma-yajñaiḥ	16.17	0	30.99
279	2	TP	tatpuruṣa	tamas-dvāra	tamo-dvāraiḥ	16.22	0	30.99
280	2	TP	tatpuruṣa	śāstra-vidhāna-ukta	śāstra-vidhānoktam	16.24	0	30.99
281	2	TP	tatpuruṣa	a-śāstra-vihita	aśāstra-vihitam	17.05	0	30.99
282	2	TP	tatpuruṣa	a-phala-ākāṅkṣin	aphalākāṅkṣibhiḥ	17.11	0	30.99
283	2	TP	tatpuruṣa	an-udvega-kara	anudvega-karam	17.15	0	30.99
284	2	TP	tatpuruṣa	svādhyāya-abhyasana	svādhyāyābhyasanam	17.15	0	30.99
285	2	TP	tatpuruṣa	ātma-vinigraha	ātma-vinigrahaḥ	17.16	0	30.99
286	2	TP	tatpuruṣa	bhāva-saṁśuddhi	bhāva-saṁśuddhiḥ	17.16	0	30.99
287	2	TP	tatpuruṣa	a-phala-ākāṅkṣin	aphalākāṅkṣibhiḥ	17.17	0	30.99
288	2	TP	tatpuruṣa	vidhāna-ukta	vidhānoktāḥ	17.24	0	30.99
289	2	TP	tatpuruṣa	dāna-kriya	dāna-kriyāḥ	17.25	0	30.99
290	2	TP	tatpuruṣa	mokṣa-kāṅkṣin	mokṣa-kāṅkṣibhiḥ	17.25	0	30.99
291	2	TP	tatpuruṣa	keśi-niṣūdana	keśi-niṣūdana	18.01	0	30.99
292	2	TP	tatpuruṣa	sarva-karma-phala-tyāga	sarva-karma-phala-tyāgam	18.02	0	30.99
293	2	TP	tatpuruṣa	bharata-sattama	bharata-sattama	18.04	0	30.99
294	2	TP	tatpuruṣa	kāya-kleśa-bhaya	kāya-kleśa-bhayāt	18.08	0	30.99
295	2	TP	tatpuruṣa	tyāga-phala	tyāga-phalam	18.08	0	30.99
296	2	TP	tatpuruṣa	sattva-samāviṣṭa	sattva-samāviṣṭaḥ	18.10	0	30.99
297	2	TP	tatpuruṣa	sarva-karman	sarva-karmaṇām	18.13	0	30.99
298	2	TP	tatpuruṣa	karma-codanā	karma-codanā	18.18	0	30.99
299	2	TP	tatpuruṣa	karma-saṁgraha	karma-saṁgrahaḥ	18.18	0	30.99
300	2	TP	tatpuruṣa	a-phala-prepsu	a-phala-prepsunā	18.23	0	30.99
301	2	TP	tatpuruṣa	an-ahaṁ-vādin	anahaṁ-vādī	18.26	0	30.99
302	2	TP	tatpuruṣa	karma-phala-prepsu	karma-phala-prepsuḥ	18.27	0	30.99
303	2	TP	tatpuruṣa	manaḥ-prāṇa-indriya-kriyā	manaḥ-prāṇendriya-kriyāḥ	18.33	0	30.99
304	2	TP	tatpuruṣa	bharata-rṣabha	bharata-rṣabha	18.36	0	30.99
305	2	TP	tatpuruṣa	viṣaya-indriya-saṁyoga	viṣayendriya-saṁyogāt	18.38	0	30.99
306	2	TP	tatpuruṣa	īśvara-bhāva	īśvara-bhāvaḥ	18.43	0	30.99
307	2	TP	tatpuruṣa	sva-karma-nirata	sva-karma-nirataḥ	18.45	0	30.99
308	2	TP	tatpuruṣa	para-dharma	para-dharmāt	18.47	0	30.99
309	2	TP	tatpuruṣa	sva-bhāva-niyata	sva-bhāva-niyatam	18.47	0	30.99
310	2	TP	tatpuruṣa	naiṣ-karmya-siddhim	naiṣkarmya-siddhim	18.49	0	30.99
311	2	TP	tatpuruṣa	brahma-bhūta	brahma-bhūtaḥ	18.54	0	30.99
312	2	TP	tatpuruṣa	mad-bhakti	mad-bhaktim	18.54	0	30.99
313	2	TP	tatpuruṣa	sarva-karman	sarva-karmāṇi	18.56	0	30.99
314	2	TP	tatpuruṣa	mat-prasāda	mat-prasādāt	18.56	0	30.99
315	2	TP	tatpuruṣa	sarva-karman	sarva-karmāṇi	18.57	0	30.99
316	2	TP	tatpuruṣa	buddhi-yoga	buddhi-yogam	18.57	0	30.99
317	2	TP	tatpuruṣa	mad-prasāda	mat-prasādāt	18.58	0	30.99
318	2	TP	tatpuruṣa	yantra-ārūḍha	yantrārūḍhāni	18.61	0	30.99
319	2	TP	tatpuruṣa	tad-prasāda	tat-prasādāt	18.62	0	30.99
320	2	TP	tatpuruṣa	sarva-guhyatama	sarva-guhyatamam	18.64	0	30.99
321	2	TP	tatpuruṣa	mad-bhakta	mad-bhaktaḥ	18.65	0	30.99
322	2	TP	tatpuruṣa	mad-yājin	mad-yājī	18.65	0	30.99
323	2	TP	tatpuruṣa	mad-bhakta	mad-bhakteṣu	18.68	0	30.99
324	2	TP	tatpuruṣa	ajñāna-saṁ-moha	ajñāna-saṁmohaḥ	18.72	0	30.99
325	2	TP	tatpuruṣa	tvat-prasāda	tvat-prasādāt	18.73	0	30.99
326	2	TP	tatpuruṣa	vyāsa-prasāda	vyāsa-prasādāt	18.75	0	30.99
327	2	TP	tatpuruṣa	yoga-īśvara	yogeśvarāt	18.75	0	30.99
328	2	TP	tatpuruṣa	an-ārya-juṣṭa	anārya-juṣṭam	2.02	0	30.99
329	2	TP	tatpuruṣa	a-kīrti-kara	akīrti-karam	2.02	0	30.99
330	2	TP	tatpuruṣa	hṛdaya-daurbalya	hṛdaya-daurbalyam	2.03	0	30.99
331	2	TP	tatpuruṣa	ari-sūdana	ari-sūdana	2.04	0	30.99
332	2	TP	tatpuruṣa	rudhira-pradigdha	rudhira-pradigdhān	2.05	0	30.99
333	2	TP	tatpuruṣa	prajñā-vāda	prajñā-vādān	2.11	0	30.99
334	2	TP	tatpuruṣa	jana-adhipa	janādhipāḥ	2.12	0	30.99
335	2	TP	tatpuruṣa	deha-antara-prāpti	dehāntara-prāptiḥ	2.13	0	30.99
336	2	TP	tatpuruṣa	mātrā-sparśa	mātrā-sparśāḥ	2.14	0	30.99
337	2	TP	tatpuruṣa	sarva-gata	sarvagataḥ	2.24	0	30.99
338	2	TP	tatpuruṣa	avācya-vāda	avācya-vādān	2.36	0	30.99
339	2	TP	tatpuruṣa	karma-bandha	karma-bandham	2.39	0	30.99
340	2	TP	tatpuruṣa	abhi-krama-nāśa	abhikrama-nāśaḥ	2.40	0	30.99
341	2	TP	tatpuruṣa	kuru-nandana	kuru-nandana	2.41	0	30.99
342	2	TP	tatpuruṣa	veda-vāda-rataḥ	veda-vāda-ratāḥ	2.42	0	30.99
343	2	TP	tatpuruṣa	bhoga-aiśvarya-prasakta	bhogaiśvarya-prasaktānām	2.44	0	30.99
344	2	TP	tatpuruṣa	buddhi-yoga	buddhi-yogād	2.49	0	30.99
345	2	TP	tatpuruṣa	buddhi-yukta	buddhi-yuktaḥ	2.50	0	30.99
346	2	TP	tatpuruṣa	buddhi-yukta	buddhi-yuktāḥ	2.51	0	30.99
347	2	TP	tatpuruṣa	janma-bandha-vinirmukta	janma-bandha-vinirmuktāḥ	2.51	0	30.99
348	2	TP	tatpuruṣa	moha-kalila	moha-kalilam	2.52	0	30.99
349	2	TP	tatpuruṣa	śruti-vi-prati-panna	śruti-viprati-pannā	2.53	0	30.99
350	2	TP	tatpuruṣa	mano-gata	mano-gatān	2.55	0	30.99
351	2	TP	tatpuruṣa	smṛti-vibhrama	smṛti-vibhramaḥ	2.63	0	30.99
352	2	TP	tatpuruṣa	smṛti-bhraṁśa	smṛti-bhraṁśāt	2.63	0	30.99
353	2	TP	tatpuruṣa	buddhi-nāśa	buddhi-nāśāt	2.63	0	30.99
354	2	TP	tatpuruṣa	rāga-dveṣa-viyukta	rāga-dveṣa-viyuktaiḥ	2.64	0	30.99
355	2	TP	tatpuruṣa	ātma-vaśya	ātma-vaśyaiḥ	2.64	0	30.99
356	2	TP	tatpuruṣa	brahma-nirvāṇa	brahma-nirvāṇam	2.72	0	30.99
357	2	TP	tatpuruṣa	karma-indriya	karmendriyāṇi	3.06	0	30.99
358	2	TP	tatpuruṣa	karma-indriya	karmendriyaiḥ	3.07	0	30.99
359	2	TP	tatpuruṣa	śarīra-yātrā	śarīra-yātrā	3.08	0	30.99
360	2	TP	tatpuruṣa	ātma-kāraṇa	ātma-kāraṇāt	3.13	0	30.99
361	2	TP	tatpuruṣa	anna-saṁbhava	anna-saṁbhavaḥ	3.14	0	30.99
362	2	TP	tatpuruṣa	sarva-gata	sarva-gatam	3.15	0	30.99
363	2	TP	tatpuruṣa	ātma-tṛpta	ātma-tṛptaḥ	3.17	0	30.99
364	2	TP	tatpuruṣa	buddhi-bheda	buddhi-bhedam	3.26	0	30.99
365	2	TP	tatpuruṣa	karma-saṅgin	karma-saṅginām	3.26	0	30.99
366	2	TP	tatpuruṣa	sarva-karman	sarva-karmāṇi	3.26	0	30.99
367	2	TP	tatpuruṣa	guṇa-karma-vibhāga	guṇa-karma-vibhāgayoḥ	3.28	0	30.99
368	2	TP	tatpuruṣa	guṇa-saṁmūḍhāḥ	guṇa-saṁmūḍhāḥ	3.29	0	30.99
369	2	TP	tatpuruṣa	adhi-ātma-cetas	adhy-ātma-cetasā	3.30	0	30.99
370	2	TP	tatpuruṣa	sarva-jñāna-vimūḍha	sarva-jñāna-vimūḍhān	3.32	0	30.99
371	2	TP	tatpuruṣa	para-dharma	para-dharmāt	3.35	0	30.99
372	2	TP	tatpuruṣa	sva-dharma	sva-dharme	3.35	0	30.99
373	2	TP	tatpuruṣa	para-dharma	para-dharmaḥ	3.35	0	30.99
374	2	TP	tatpuruṣa	bharata-rṣabha	bharata-rṣabha	3.41	0	30.99
375	2	TP	tatpuruṣa	paraṁ-parā-prāpta	paraṁ-parā-prāptam	4.02	0	30.99
376	2	TP	tatpuruṣa	ātma-māyā	ātma-māyayā	4.06	0	30.99
377	2	TP	tatpuruṣa	kāma-saṁkalpa-varjita	kāma-saṁkalpa-varjitāḥ	4.19	0	30.99
378	2	TP	tatpuruṣa	karma-phala-āsaṅga	karma-phalāsaṅgam	4.20	0	30.99
379	2	TP	tatpuruṣa	dvaṁdva-atīta	dvaṁdvātītaḥ	4.22	0	30.99
380	2	TP	tatpuruṣa	brahma-karma-samādhin	brahma-karma-samādhinā	4.24	0	30.99
381	2	TP	tatpuruṣa	brahma-agni	brahmāgnāu	4.25	0	30.99
382	2	TP	tatpuruṣa	indriya-karman	indriya-karmāṇi	4.27	0	30.99
383	2	TP	tatpuruṣa	jñāna-dīpita	jñāna-dīpite	4.27	0	30.99
384	2	TP	tatpuruṣa	kuru-sattama	kuru-sattama	4.31	0	30.99
385	2	TP	tatpuruṣa	jñāna-yajña	jñāna-yajñaḥ	4.33	0	30.99
386	2	TP	tatpuruṣa	tattva-darśin	tattva-darśinaḥ	4.34	0	30.99
387	2	TP	tatpuruṣa	jñāna-plava	jñāna-plavena	4.36	0	30.99
388	2	TP	tatpuruṣa	sarva-karman	sarva-karmāṇi	4.37	0	30.99
389	2	TP	tatpuruṣa	ajñāna-saṁbhūta	ajñāna-saṁbhūtam	4.42	0	30.99
390	2	TP	tatpuruṣa	jñānāsi	jñānāsinā	4.42	0	30.99
391	2	TP	tatpuruṣa	niḥśreyasa-kara	niḥśreyasa-karau	5.02	0	30.99
392	2	TP	tatpuruṣa	karma-saṁnyāsa	karma-saṁnyāsāt	5.02	0	30.99
393	2	TP	tatpuruṣa	yoga-yukta	yoga-yuktaḥ	5.06	0	30.99
394	2	TP	tatpuruṣa	yoga-yukta	yoga-yuktaḥ	5.07	0	30.99
395	2	TP	tatpuruṣa	kāma-kāra	kāma-kāreṇa	5.12	0	30.99
396	2	TP	tatpuruṣa	karma-phala-saṁyoga	karma-phala-saṁyogam	5.14	0	30.99
397	2	TP	tatpuruṣa	sva-bhāva	sva-bhāvaḥ	5.14	0	30.99
398	2	TP	tatpuruṣa	bāhya-sparśa	bāhya-sparśeṣu	5.21	0	30.99
399	2	TP	tatpuruṣa	duḥkha-yoni	duḥkha-yonayaḥ	5.22	0	30.99
400	2	TP	tatpuruṣa	śarīra-vimokṣaṇa	śarīra-vimokṣaṇāt	5.23	0	30.99
401	2	TP	tatpuruṣa	brahma-nirvāṇa	brahma-nirvāṇam	5.24	0	30.99
402	2	TP	tatpuruṣa	brahma-bhūta	brahma-bhūtaḥ	5.24	0	30.99
403	2	TP	tatpuruṣa	brahma-nirvāṇa	brahma-nirvāṇam	5.25	0	30.99
404	2	TP	tatpuruṣa	sarva-bhūta-hita	sarva-bhūta-hite	5.25	0	30.99
405	2	TP	tatpuruṣa	brahma-nirvāṇa	brahma-nirvāṇam	5.26	0	30.99
406	2	TP	tatpuruṣa	nāsā-abhy-antara-cārin	nāsābhyantara-cāriṇau	5.27	0	30.99
407	2	TP	tatpuruṣa	sarva-loka-mahā-īśvara	sarva-loka-maheśvaram	5.29	0	30.99
408	2	TP	tatpuruṣa	yoga-ārūḍha	yogārūḍhasya	6.03	0	30.99
409	2	TP	tatpuruṣa	sarva-saṁkalpa-saṁnyāsin	sarva-saṁkalpa-saṁnyāsī	6.04	0	30.99
410	2	TP	tatpuruṣa	yoga-ārūḍha	yogārūḍhaḥ	6.04	0	30.99
411	2	TP	tatpuruṣa	ātma-viśuddhi	ātma-viśuddhaye	6.12	0	30.99
412	2	TP	tatpuruṣa	brahmacāri-vrata	brahmacāri-vrate	6.14	0	30.99
413	2	TP	tatpuruṣa	mat-saṁsthā	mat-saṁsthām	6.15	0	30.99
414	2	TP	tatpuruṣa	yoga-sevā	yoga-sevayā	6.20	0	30.99
415	2	TP	tatpuruṣa	buddhi-grāhya	buddhi-grāhyam	6.21	0	30.99
416	2	TP	tatpuruṣa	duḥkha-saṁyoga-viyoga	duḥkha-saṁyoga-viyogam	6.23	0	30.99
417	2	TP	tatpuruṣa	dhṛti-gṛhītā	dhṛti-gṛhītayā	6.25	0	30.99
418	2	TP	tatpuruṣa	brahma-bhūta	brahma-bhūtam	6.27	0	30.99
419	2	TP	tatpuruṣa	sarva-bhūta-sthita	sarva-bhūta-sthitam	6.31	0	30.99
420	2	TP	tatpuruṣa	yoga-sam-siddhi	yoga-saṁsiddhim	6.37	0	30.99
421	2	TP	tatpuruṣa	ubhaya-vibhraṣṭa	ubhaya-vibhraṣṭaḥ	6.38	0	30.99
422	2	TP	tatpuruṣa	tvad-anya	tvad-anyaḥ	6.39	0	30.99
423	2	TP	tatpuruṣa	puṇya-kṛta	puṇya-kṛtān	6.41	0	30.99
424	2	TP	tatpuruṣa	yoga-bhraṣṭa	yoga-bhraṣṭaḥ	6.41	0	30.99
425	2	TP	tatpuruṣa	buddhi-saṁyoga	buddhi-saṁyogam	6.43	0	30.99
426	2	TP	tatpuruṣa	kuru-nandana	kuru-nandana	6.43	0	30.99
427	2	TP	tatpuruṣa	mad-gata	mad-gatena	6.47	0	30.99
428	2	TP	tatpuruṣa	maṇi-gaṇa	maṇi-gaṇāḥ	7.07	0	30.99
429	2	TP	tatpuruṣa	bharata-rṣabha	bharata-rṣabha	7.11	0	30.99
430	2	TP	tatpuruṣa	nara-adhama	narādhamāḥ	7.15	0	30.99
431	2	TP	tatpuruṣa	bharata-rṣabha	bharata-rṣabha	7.16	0	30.99
432	2	TP	tatpuruṣa	eka-bhakti	eka-bhaktiḥ	7.17	0	30.99
433	2	TP	tatpuruṣa	mad-bhakta	mad-bhaktāḥ	7.23	0	30.99
434	2	TP	tatpuruṣa	yoga-māyā-samāvṛta	yoga-māyā-samāvṛtaḥ	7.25	0	30.99
435	2	TP	tatpuruṣa	anta-gata	anta-gatam	7.28	0	30.99
436	2	TP	tatpuruṣa	dvaṁdva-moha-nirmukta	dvaṁdva-moha-nirmuktāḥ	7.28	0	30.99
437	2	TP	tatpuruṣa	puruṣa-uttama	puruṣottama	8.01	0	30.99
438	2	TP	tatpuruṣa	sva-bhāva	sva-bhāvaḥ	8.03	0	30.99
439	2	TP	tatpuruṣa	tad-bhāva-bhāvita	tad-bhāva-bhāvitaḥ	8.06	0	30.99
440	2	TP	tatpuruṣa	anya-gāmin	anya-gāminā	8.08	0	30.99
441	2	TP	tatpuruṣa	yoga-dhāraṇā	yoga-dhāraṇām	8.12	0	30.99
442	2	TP	tatpuruṣa	duḥkha-ālaya	duḥkhālayam	8.15	0	30.99
443	2	TP	tatpuruṣa	ahar-āgama	ahar-āgame	8.18	0	30.99
444	2	TP	tatpuruṣa	ahar-āgama	ahar-āgame	8.19	0	30.99
445	2	TP	tatpuruṣa	bharata-rṣabha	bharata-rṣabha	8.23	0	30.99
446	2	TP	tatpuruṣa	yoga-yukta	yoga-yuktaḥ	8.27	0	30.99
447	2	TP	tatpuruṣa	rāja-guhya	rāja-guhyam	9.02	0	30.99
448	2	TP	tatpuruṣa	mṛtyu-saṁsāra-vartman	mṛtyu-saṁsāra-vartmani	9.03	0	30.99
449	2	TP	tatpuruṣa	ākāśa-sthita	ākāśa-sthitaḥ	9.06	0	30.99
450	2	TP	tatpuruṣa	bhūta-maha-īśvara	bhūta-maheśvaram	9.11	0	30.99
451	2	TP	tatpuruṣa	sura-indra-loka	surendra-lokam	9.20	0	30.99
452	2	TP	tatpuruṣa	deva-bhoga	deva-bhogān	9.20	0	30.99
453	2	TP	tatpuruṣa	anya-devatā-bhakta	anya-devatā-bhaktāḥ	9.23	0	30.99
454	2	TP	tatpuruṣa	mad-yājin	mad-yājinaḥ	9.25	0	30.99
455	2	TP	tatpuruṣa	bhakty-upahṛta	bhakty-upahṛtam	9.26	0	30.99
456	2	TP	tatpuruṣa	mad-arpaṇa	mad-arpaṇam	9.27	0	30.99
457	2	TP	tatpuruṣa	karma-bandhana	karma-bandhanaiḥ	9.28	0	30.99
458	2	TP	tatpuruṣa	mad-bhakta	mad-bhaktaḥ	9.34	0	30.99
459	2	TP	tatpuruṣa	mad-yājin	mad-yājī	9.34	0	30.99
460	3	BV	bahuvrīhi	mahā-bāhu	mahābāho	10.01	537	35.08
461	3	BV	bahuvrīhi	mahā-bāhu	mahābāho	11.23	537	39.17
462	3	BV	bahuvrīhi	mahā-bāhu	mahābāho	14.05	537	43.26
463	3	BV	bahuvrīhi	mahā-bāhu	mahābāho	18.01	537	47.34
464	3	BV	bahuvrīhi	mahā-bāhu	mahābāho	18.13	537	51.43
465	3	BV	bahuvrīhi	mahā-bāhu	mahā-bāho	2.26	537	55.52
466	3	BV	bahuvrīhi	mahā-bāhu	mahā-bāho	2.68	537	59.61
467	3	BV	bahuvrīhi	mahā-bāhu	mahā-bāho	3.28	537	63.69
468	3	BV	bahuvrīhi	mahā-bāhu	mahā-bāho	3.43	537	67.78
469	3	BV	bahuvrīhi	mahā-bāhu	mahābāho	5.03	537	71.87
470	3	BV	bahuvrīhi	mahā-bāhu	mahābāho	5.06	537	75.96
471	3	BV	bahuvrīhi	mahā-bāhu	mahābāho	6.35	537	80.04
472	3	BV	bahuvrīhi	mahā-bāhu	mahābāho	6.38	537	84.13
473	3	BV	bahuvrīhi	mahā-bāhu	mahā-bāho	7.05	537	88.22
474	3	BV	bahuvrīhi	dharma-ātman	dharmātmā	9.31	480	91.87
475	3	BV	bahuvrīhi	mahā-ātman	mahātmā	11.50	330	94.38
476	3	BV	bahuvrīhi	mahā-ātman	mahātmā	7.19	330	96.89
477	3	BV	bahuvrīhi	mahā-bāhu	mahā-bāhuḥ	1.18	189	98.33
478	3	BV	bahuvrīhi	mahā-iṣu-āsa	maheṣv-āsāḥ	1.04	47	98.69
479	3	BV	bahuvrīhi	viśuddha-ātman	viśuddhātmā	5.07	38	98.98
480	3	BV	bahuvrīhi	bhīma-karman	bhīma-karmā	1.15	14	99.09
481	3	BV	bahuvrīhi	vyātta-ānana	vyāttānanam	11.24	13	99.19
482	3	BV	bahuvrīhi	yuktātman	yuktātmā	7.18	13	99.28
483	3	BV	bahuvrīhi	mahā-ratha	mahā-rathaḥ	1.04	7	99.34
484	3	BV	bahuvrīhi	mahā-ratha	mahā-rathāḥ	1.06	7	99.39
485	3	BV	bahuvrīhi	mahā-ratha	mahā-rathaḥ	1.17	7	99.44
486	3	BV	bahuvrīhi	mahā-ratha	mahā-rathāḥ	2.35	7	99.5
487	3	BV	bahuvrīhi	tejo-rāśi	tejo-rāśim	11.17	6	99.54
488	3	BV	bahuvrīhi	parama-iṣu-āsa	parameṣvāsaḥ	1.17	5	99.58
489	3	BV	bahuvrīhi	ananta-vīrya	ananta-vīryam	11.19	5	99.62
490	3	BV	bahuvrīhi	a-vyakta-ādi	avyaktādīni	2.28	4	99.65
491	3	BV	bahuvrīhi	kāma-rūpa	kāma-rūpeṇa	3.39	4	99.68
492	3	BV	bahuvrīhi	kāma-rūpa	kāma-rūpam	3.43	4	99.71
493	3	BV	bahuvrīhi	mahā-anubhāva	mahānubhāvān	2.05	3	99.73
494	3	BV	bahuvrīhi	vyakta-madhya	vyakta-madhyāni	2.28	3	99.76
495	3	BV	bahuvrīhi	bahu-śākhā	bahu-śākhāḥ	2.41	3	99.78
496	3	BV	bahuvrīhi	nava-dvāra	nava-dvāre	5.13	3	99.8
497	3	BV	bahuvrīhi	kamala-patra-akṣa	kamala-patrākṣa	11.02	2	99.82
498	3	BV	bahuvrīhi	ūrdhva-mūla	ūrdhva-mūlam	15.01	2	99.83
499	3	BV	bahuvrīhi	kāma-ātman	kāmātmānaḥ	2.43	2	99.85
500	3	BV	bahuvrīhi	avyayātman	avyayātmā	4.06	2	99.86
501	3	BV	bahuvrīhi	saṁśaya-ātman	saṁśayātmā	4.40	2	99.88
502	3	BV	bahuvrīhi	bhūtādi	bhūtādim	9.13	2	99.89
503	3	BV	bahuvrīhi	catur-bhuja	catur-bhujena	11.46	1	99.9
504	3	BV	bahuvrīhi	sthira-buddhi	sthira-matiḥ	12.19	1	99.91
505	3	BV	bahuvrīhi	karma-anubandhi	karmānubandhīni	15.02	1	99.92
506	3	BV	bahuvrīhi	asakta-ātman	asakta-buddhiḥ	18.49	1	99.92
507	3	BV	bahuvrīhi	artha-kāma	artha-kāmān	2.05	1	99.93
508	3	BV	bahuvrīhi	a-vyakta-nidhana	avyakta-nidhanāni	2.28	1	99.94
509	3	BV	bahuvrīhi	kriyā-viśeṣa-bahulā	kriyā-viśeṣa-bahulāṁ	2.43	1	99.95
510	3	BV	bahuvrīhi	ātma-rati	ātma-ratiḥ	3.17	1	99.95
511	3	BV	bahuvrīhi	asakta-ātman	asaktātmā	5.21	1	99.96
512	3	BV	bahuvrīhi	yukta-ceṣṭa	yukta-ceṣṭasya	6.17	1	99.97
513	3	BV	bahuvrīhi	a-saṁyata-ātman	asaṁyatātmanā	6.36	1	99.98
514	3	BV	bahuvrīhi	vaśya-ātman	vaśyātmanā	6.36	1	99.98
515	3	BV	bahuvrīhi	sahasra-yuga-paryanta	sahasra-yuga-paryantam	8.17	1	99.99
516	3	BV	bahuvrīhi	kāma-kāma	kāma-kāmāḥ	9.21	1	100.0
517	3	BV	bahuvrīhi	tyakta-jīvita	tyakta-jīvitāḥ	1.09	0	100.0
518	3	BV	bahuvrīhi	nānā-śastra-praharaṇa	nānā-śastra-praharaṇāḥ	1.09	0	100.0
519	3	BV	bahuvrīhi	vṛka-udara	vṛkodaraḥ	1.15	0	100.0
520	3	BV	bahuvrīhi	ananta-vijaya	ananta-vijayam	1.16	0	100.0
521	3	BV	bahuvrīhi	kapi-dhvaja	kapi-dhvajaḥ	1.20	0	100.0
522	3	BV	bahuvrīhi	govinda	govinda	1.32	0	100.0
523	3	BV	bahuvrīhi	sa-bāndhava	sa-bāndhavān	1.37	0	100.0
524	3	BV	bahuvrīhi	lobha-upahata-cetas	lobhopahata-cetasaḥ	1.38	0	100.0
525	3	BV	bahuvrīhi	lupta-piṇḍa-udaka-kriya	lupta-piṇḍodaka-kriyāḥ	1.42	0	100.0
526	3	BV	bahuvrīhi	utsanna-kula-dharma	utsanna-kula-dharmāṇāṁ	1.44	0	100.0
527	3	BV	bahuvrīhi	śastra-pāṇi	śastra-pāṇayaḥ	1.46	0	100.0
528	3	BV	bahuvrīhi	sa-śara	sa-śaram	1.47	0	100.0
529	3	BV	bahuvrīhi	śoka-saṁvigna-mānasa	śoka-saṁvigna-mānasaḥ	1.47	0	100.0
530	3	BV	bahuvrīhi	mad-bhāva	mad-bhāvāḥ	10.06	0	100.0
531	3	BV	bahuvrīhi	viśvato-mukha	viśvato-mukhaḥ	10.33	0	100.0
532	3	BV	bahuvrīhi	tejaḥ-aṁśa-saṁbhava	tejo-‘ṁśa-saṁbhavam	10.41	0	100.0
533	3	BV	bahuvrīhi	nānā-varṇa-ākṛti	nānā-varṇākṛtīni	11.05	0	100.0
534	3	BV	bahuvrīhi	adṛṣṭa-pūrva	adṛṣṭa-pūrvāṇi	11.06	0	100.0
535	3	BV	bahuvrīhi	aneka-adbhuta-darśana	anekādbhuta-darśanam	11.10	0	100.0
536	3	BV	bahuvrīhi	aneka-divya-ābharaṇa	aneka-divyābharaṇam	11.10	0	100.0
537	3	BV	bahuvrīhi	divya-aneka-udyata-āyudha	divyānekodyatāyudham	11.10	0	100.0
538	3	BV	bahuvrīhi	divya-gandha-anulepana	divya-gandhānulepanam	11.11	0	100.0
539	3	BV	bahuvrīhi	viśvato-mukha	viśvato-mukham	11.11	0	100.0
540	3	BV	bahuvrīhi	mahā-ātman	mahātmanaḥ	11.12	0	100.0
541	3	BV	bahuvrīhi	hṛṣṭa-roman	hṛṣṭa-romā	11.14	0	100.0
542	3	BV	bahuvrīhi	kṛta-añjali	kṛtāñjaliḥ	11.14	0	100.0
543	3	BV	bahuvrīhi	an-eka-bāhu-udara-vaktra-netra	aneka-bāhūdara-vaktra-netram	11.16	0	100.0
544	3	BV	bahuvrīhi	ananta-rūpa	ananta-rūpam	11.16	0	100.0
545	3	BV	bahuvrīhi	viśva-rūpa	viśva-rūpa	11.16	0	100.0
546	3	BV	bahuvrīhi	ananta-bāhu	ananta-bāhum	11.19	0	100.0
547	3	BV	bahuvrīhi	dīpta-hutāśa-vaktra	dīpta-hutāśa-vaktram	11.19	0	100.0
548	3	BV	bahuvrīhi	mahā-ātman	mahātman	11.20	0	100.0
549	3	BV	bahuvrīhi	bahu-vaktra-netra	bahu-vaktra-netram	11.23	0	100.0
550	3	BV	bahuvrīhi	bahu-udara	bahūdaram	11.23	0	100.0
551	3	BV	bahuvrīhi	aneka-varṇa	aneka-varṇam	11.24	0	100.0
552	3	BV	bahuvrīhi	dīpta-viśāla-netra	dīpta-viśāla-netram	11.24	0	100.0
553	3	BV	bahuvrīhi	pravyathita-antar-ātman	pravyathitāntarātmā	11.24	0	100.0
554	3	BV	bahuvrīhi	ugra-rūpa	ugra-rūpaḥ	11.31	0	100.0
555	3	BV	bahuvrīhi	kṛta-añjali	kṛtāñjaliḥ	11.35	0	100.0
556	3	BV	bahuvrīhi	mahā-ātman	mahātman	11.37	0	100.0
557	3	BV	bahuvrīhi	ananta-rūpa	ananta-rūpa	11.38	0	100.0
558	3	BV	bahuvrīhi	śaśa-aṅka	śaśāṅkaḥ	11.39	0	100.0
559	3	BV	bahuvrīhi	ananta-vīrya	ananta-vīrya	11.40	0	100.0
560	3	BV	bahuvrīhi	amita-vikrama	amita-vikramaḥ	11.40	0	100.0
561	3	BV	bahuvrīhi	apratima-prabhāva	apratima-prabhāva	11.43	0	100.0
562	3	BV	bahuvrīhi	adṛṣṭa-pūrva	adṛṣṭa-pūrvam	11.45	0	100.0
563	3	BV	bahuvrīhi	cakra-hasta	cakra-hastam	11.46	0	100.0
564	3	BV	bahuvrīhi	sahasra-bāhu	sahasra-bāho	11.46	0	100.0
565	3	BV	bahuvrīhi	viśva-mūrti	viśva-mūrte	11.46	0	100.0
566	3	BV	bahuvrīhi	saumya-vapus	saumya-vapuḥ	11.50	0	100.0
567	3	BV	bahuvrīhi	sa-cetas	sa-cetāḥ	11.51	0	100.0
568	3	BV	bahuvrīhi	sama-buddhi	sama-buddhayaḥ	12.04	0	100.0
569	3	BV	bahuvrīhi	āveśita-cetas	āveśita-cetasām	12.07	0	100.0
570	3	BV	bahuvrīhi	mat-karma-parama	mat-karma-paramaḥ	12.10	0	100.0
571	3	BV	bahuvrīhi	sama-duḥkha-sukha	sama-duḥkha-sukhaḥ	12.13	0	100.0
572	3	BV	bahuvrīhi	yatātman	yatātmā	12.14	0	100.0
573	3	BV	bahuvrīhi	dṛḍha-niścaya	dṛḍha-niścayaḥ	12.14	0	100.0
574	3	BV	bahuvrīhi	gata-vyatha	gata-vyathaḥ	12.16	0	100.0
575	3	BV	bahuvrīhi	a-niketa	aniketaḥ	12.19	0	100.0
576	3	BV	bahuvrīhi	yat-prabhāva	yat-prabhāvaḥ	13.03	0	100.0
577	3	BV	bahuvrīhi	sa-vikāra	sa-vikāram	13.06	0	100.0
578	3	BV	bahuvrīhi	mat-para	mat-param / param	13.12	0	100.0
579	3	BV	bahuvrīhi	prakṛti-saṁbhava	prakṛti-saṁbhavān	13.19	0	100.0
580	3	BV	bahuvrīhi	śruti-parāyaṇa	śruti-parāyaṇāḥ	13.25	0	100.0
581	3	BV	bahuvrīhi	prakṛti-saṁbhava	prakṛti-saṁbhavāḥ	14.05	0	100.0
582	3	BV	bahuvrīhi	deha-samudbhava	deha-samudbhavān	14.20	0	100.0
583	3	BV	bahuvrīhi	sama-duḥkha-sukha	sama-duḥkha-sukhaḥ	14.24	0	100.0
584	3	BV	bahuvrīhi	adhaḥ-śākha	adhaḥ-śākham	15.01	0	100.0
585	3	BV	bahuvrīhi	suvirūḍha-mūla	suvirūḍha-mūlam	15.03	0	100.0
586	3	BV	bahuvrīhi	jita-saṅga-doṣa	jita-saṅga-doṣāḥ	15.05	0	100.0
587	3	BV	bahuvrīhi	vinivṛtta-kāma	vinivṛtta-kāmāḥ	15.05	0	100.0
588	3	BV	bahuvrīhi	śaśa-aṅka	śaśāṅkaḥ	15.06	0	100.0
589	3	BV	bahuvrīhi	jñāna-cakṣuḥ	jñāna-cakṣuṣaḥ	15.10	0	100.0
590	3	BV	bahuvrīhi	a-kṛta-ātman	akṛtātmānaḥ	15.11	0	100.0
591	3	BV	bahuvrīhi	kṛta-kṛtya	kṛta-kṛtyaḥ	15.20	0	100.0
592	3	BV	bahuvrīhi	a-satya	asatyam	16.08	0	100.0
593	3	BV	bahuvrīhi	a-pratiṣṭha	apratiṣṭham	16.08	0	100.0
594	3	BV	bahuvrīhi	an-īśvara	anīśvaram	16.08	0	100.0
595	3	BV	bahuvrīhi	kāma-haituka	kāma-haitukam	16.08	0	100.0
596	3	BV	bahuvrīhi	naṣṭa-ātman	naṣṭātmānaḥ	16.09	0	100.0
597	3	BV	bahuvrīhi	alpa-buddhi	alpa-buddhayaḥ	16.09	0	100.0
598	3	BV	bahuvrīhi	ugra-karman	ugra-karmāṇaḥ	16.09	0	100.0
599	3	BV	bahuvrīhi	aśuci-vrata	aśuci-vratāḥ	16.10	0	100.0
600	3	BV	bahuvrīhi	kāma-upabhoga-parama	kāmopabhoga-paramāḥ	16.11	0	100.0
601	3	BV	bahuvrīhi	āśā-pāśa-śata	āśā-pāśa-śataiḥ	16.12	0	100.0
602	3	BV	bahuvrīhi	kāma-krodha-parāyaṇa	kāma-krodha-parāyaṇāḥ	16.12	0	100.0
603	3	BV	bahuvrīhi	mano-ratha	mano-ratham	16.13	0	100.0
604	3	BV	bahuvrīhi	aneka-citta-vibhrānta	aneka-citta-vibhrāntāḥ	16.16	0	100.0
605	3	BV	bahuvrīhi	yac-chraddha	yac-chraddhaḥ	17.03	0	100.0
606	3	BV	bahuvrīhi	āsura-niścaya	āsura-niścayān	17.06	0	100.0
607	3	BV	bahuvrīhi	yāta-yāma	yāta-yāmam	17.10	0	100.0
608	3	BV	bahuvrīhi	gata-rasa	gata-rasam	17.10	0	100.0
609	3	BV	bahuvrīhi	vidhi-dṛṣṭa	vidhi-dṛṣṭaḥ	17.11	0	100.0
610	3	BV	bahuvrīhi	asṛṣṭa-anna	asṛṣṭānnam	17.13	0	100.0
611	3	BV	bahuvrīhi	a-dakṣiṇa	adakṣiṇam	17.13	0	100.0
612	3	BV	bahuvrīhi	kṛta-anta	kṛtānte	18.13	0	100.0
613	3	BV	bahuvrīhi	sa-ahaṁ-kāra	sāhaṁ-kāreṇa	18.24	0	100.0
614	3	BV	bahuvrīhi	bahula-āyāsa	bahulāyāsam	18.24	0	100.0
615	3	BV	bahuvrīhi	mukta-saṅga	mukta-saṅgaḥ	18.26	0	100.0
616	3	BV	bahuvrīhi	nir-vikāra	nirvikāraḥ	18.26	0	100.0
617	3	BV	bahuvrīhi	sva-bhāva-prabhava	sva-bhāva-prabhavaiḥ	18.41	0	100.0
618	3	BV	bahuvrīhi	sa-doṣa	sa-doṣam	18.48	0	100.0
619	3	BV	bahuvrīhi	jita-ātman	jitātmā	18.49	0	100.0
620	3	BV	bahuvrīhi	vigata-spṛha	vigata-spṛhaḥ	18.49	0	100.0
621	3	BV	bahuvrīhi	yata-vāk-kāya-mānasa	yata-vāk-kāya-mānasaḥ	18.52	0	100.0
622	3	BV	bahuvrīhi	dhyāna-yoga-para	dhyāna-yoga-paraḥ	18.52	0	100.0
623	3	BV	bahuvrīhi	prasanna-ātman	prasannātmā	18.54	0	100.0
624	3	BV	bahuvrīhi	mad-vyapāśraya	mad-vyapāśrayaḥ	18.56	0	100.0
625	3	BV	bahuvrīhi	man-manas	man-manāḥ	18.65	0	100.0
626	3	BV	bahuvrīhi	puṇya-karman	puṇya-karmaṇām	18.71	0	100.0
627	3	BV	bahuvrīhi	gata-saṁdeha	gata-saṁdehaḥ	18.73	0	100.0
628	3	BV	bahuvrīhi	mahā-ātman	mahātmanaḥ	18.74	0	100.0
629	3	BV	bahuvrīhi	roma-harṣaṇa	roma-harṣaṇam	18.74	0	100.0
630	3	BV	bahuvrīhi	aśru-pūrṇa-ākula-īkṣaṇa	aśru-pūrṇākulekṣaṇam	2.01	0	100.0
631	3	BV	bahuvrīhi	kārpaṇya-doṣa-upahata-svabhāva	kārpaṇya-doṣopahata-svabhāvaḥ	2.07	0	100.0
632	3	BV	bahuvrīhi	dharma-saṁmūḍha-cetas	dharma-saṁmūḍha-cetāḥ	2.07	0	100.0
633	3	BV	bahuvrīhi	govinda	govindam	2.09	0	100.0
634	3	BV	bahuvrīhi	gata-asu	gatāsūn	2.11	0	100.0
635	3	BV	bahuvrīhi	a-gata-asu	agatāsūn	2.11	0	100.0
636	3	BV	bahuvrīhi	sama-duḥkha-sukha	sama-duḥkha-sukham	2.15	0	100.0
637	3	BV	bahuvrīhi	kṛta-niścaya	kṛta-niścayaḥ	2.37	0	100.0
638	3	BV	bahuvrīhi	svarga-para	svarga-parāḥ	2.43	0	100.0
639	3	BV	bahuvrīhi	apahṛta-cetas	apahṛta-cetasām	2.44	0	100.0
640	3	BV	bahuvrīhi	traiguṇya-viṣaya	traiguṇya-viṣayāḥ	2.45	0	100.0
641	3	BV	bahuvrīhi	niryoga-kṣema	niryoga-kṣemaḥ	2.45	0	100.0
642	3	BV	bahuvrīhi	karma-phala-hetu	karma-phala-hetuḥ	2.47	0	100.0
643	3	BV	bahuvrīhi	phala-hetu	phala-hetavaḥ	2.49	0	100.0
644	3	BV	bahuvrīhi	sthita-prajña	sthita-prajñasya	2.54	0	100.0
645	3	BV	bahuvrīhi	sthita-dhī	sthita-dhīḥ	2.54	0	100.0
646	3	BV	bahuvrīhi	sthita-prajña	sthita-prajñaḥ	2.55	0	100.0
647	3	BV	bahuvrīhi	an-ud-vigna-manas	anudvigna-manāḥ	2.56	0	100.0
648	3	BV	bahuvrīhi	vigata-spṛha	vigata-spṛhaḥ	2.56	0	100.0
649	3	BV	bahuvrīhi	sthita-dhī	sthita-dhīḥ	2.56	0	100.0
650	3	BV	bahuvrīhi	vidheya-ātman	vidheyātmā	2.64	0	100.0
651	3	BV	bahuvrīhi	prasanna-cetas	prasanna-cetasaḥ	2.65	0	100.0
652	3	BV	bahuvrīhi	acala-pratiṣṭha	acala-pratiṣṭham	2.70	0	100.0
653	3	BV	bahuvrīhi	vi-mūḍha-ātman	vimūḍhātmā	3.06	0	100.0
654	3	BV	bahuvrīhi	yajña-artha	yajñārthāt	3.09	0	100.0
655	3	BV	bahuvrīhi	karma-bandhana	karma-bandhanaḥ	3.09	0	100.0
656	3	BV	bahuvrīhi	mukta-saṅga	mukta-saṅgaḥ	3.09	0	100.0
657	3	BV	bahuvrīhi	saha-yajña	saha-yajñāḥ	3.10	0	100.0
658	3	BV	bahuvrīhi	karma-samudbhava	karma-samudbhavaḥ	3.14	0	100.0
659	3	BV	bahuvrīhi	a-kṣara-samudbhava	akṣara-samudbhavam	3.15	0	100.0
660	3	BV	bahuvrīhi	agha-āyuḥ	aghāyuḥ	3.16	0	100.0
661	3	BV	bahuvrīhi	indriya-ārāma	indriyārāmaḥ	3.16	0	100.0
662	3	BV	bahuvrīhi	ahaṁkāra-vimūḍhātman	ahaṁkāra-vimūḍhātmā	3.27	0	100.0
663	3	BV	bahuvrīhi	vigata-jvara	vigata-jvaraḥ	3.30	0	100.0
664	3	BV	bahuvrīhi	rajo-guṇa-samudbhava	rajo-guṇa-samudbhavaḥ	3.37	0	100.0
665	3	BV	bahuvrīhi	jñāna-vijñāna-nāśana	jñāna-vijñāna-nāśanam	3.41	0	100.0
666	3	BV	bahuvrīhi	jñāna-agni-dagdha-karmāṇa	jñānāgni-dagdha-karmāṇam	4.19	0	100.0
667	3	BV	bahuvrīhi	yata-citta-ātman	yata-cittātmā	4.21	0	100.0
668	3	BV	bahuvrīhi	tyakta-sarva-parigraha	tyakta-sarva-parigrahaḥ	4.21	0	100.0
669	3	BV	bahuvrīhi	gata-saṅga	gata-saṅgasya	4.23	0	100.0
670	3	BV	bahuvrīhi	jñāna-avasthita-cetas	jñānāvasthita-cetasaḥ	4.23	0	100.0
671	3	BV	bahuvrīhi	dravya-yajña	dravya-yajñāḥ	4.28	0	100.0
672	3	BV	bahuvrīhi	tapo-yajña	tapo-yajñāḥ	4.28	0	100.0
673	3	BV	bahuvrīhi	yoga-yajña	yoga-yajñāḥ	4.28	0	100.0
674	3	BV	bahuvrīhi	svādhyāya-jñāna-yajña	svādhyāya-jñāna-yajñāḥ	4.28	0	100.0
675	3	BV	bahuvrīhi	saṁśita-vrata	saṁśita-vratāḥ	4.28	0	100.0
676	3	BV	bahuvrīhi	prāṇa-āyāma-parāyaṇa	prāṇāyāma-parāyaṇāḥ	4.29	0	100.0
677	3	BV	bahuvrīhi	niyata-āhāra	niyatāhārāḥ	4.30	0	100.0
678	3	BV	bahuvrīhi	yajña-kṣapita-kalmaṣa	yajña-kṣapita-kalmaṣāḥ	4.30	0	100.0
679	3	BV	bahuvrīhi	bahu-vidhā	bahu-vidhāḥ	4.32	0	100.0
680	3	BV	bahuvrīhi	saṁyata-indriya	saṁyatendriyaḥ	4.39	0	100.0
681	3	BV	bahuvrīhi	saṁśaya-ātman	saṁśayātmanaḥ	4.40	0	100.0
682	3	BV	bahuvrīhi	yoga-saṁnyasta-karman	yoga-saṁnyasta-karmāṇam	4.41	0	100.0
683	3	BV	bahuvrīhi	vijita-ātman	vijitātmā	5.07	0	100.0
684	3	BV	bahuvrīhi	jita-indriya	jitendriyaḥ	5.07	0	100.0
685	3	BV	bahuvrīhi	sarva-bhūta-ātma-bhūta-ātman	sarva-bhūtātma-bhūtātmā	5.07	0	100.0
686	3	BV	bahuvrīhi	tad-buddhi	tad-buddhayaḥ	5.17	0	100.0
687	3	BV	bahuvrīhi	tad-ātman	tad-ātmānaḥ	5.17	0	100.0
688	3	BV	bahuvrīhi	tad-niṣṭha	tan-niṣṭhāḥ	5.17	0	100.0
689	3	BV	bahuvrīhi	tad-parāyaṇa	tat-parāyaṇāḥ	5.17	0	100.0
690	3	BV	bahuvrīhi	jñāna-nirdhūta-kalmaṣa	jñāna-nirdhūta-kalmaṣāḥ	5.17	0	100.0
691	3	BV	bahuvrīhi	sthira-buddhi	sthira-buddhiḥ	5.20	0	100.0
692	3	BV	bahuvrīhi	brahma-yoga-yuktātman	brahma-yoga-yuktātmā	5.21	0	100.0
693	3	BV	bahuvrīhi	antaḥ-sukha	antaḥ-sukhaḥ	5.24	0	100.0
694	3	BV	bahuvrīhi	antaḥ-ārāma	antar-ārāmaḥ	5.24	0	100.0
695	3	BV	bahuvrīhi	antaḥ-jyotiḥ	antar-jyotiḥ	5.24	0	100.0
696	3	BV	bahuvrīhi	kṣīṇa-kalmaṣa	kṣīṇa-kalmaṣāḥ	5.25	0	100.0
697	3	BV	bahuvrīhi	chinna-dvaidha	chinna-dvaidhāḥ	5.25	0	100.0
698	3	BV	bahuvrīhi	yatātman	yatātmānaḥ	5.25	0	100.0
699	3	BV	bahuvrīhi	yata-cetas	yata-cetasām	5.26	0	100.0
700	3	BV	bahuvrīhi	vidita-ātman	viditātmanām	5.26	0	100.0
701	3	BV	bahuvrīhi	mokṣa-parāyaṇa	mokṣa-parāyaṇaḥ	5.28	0	100.0
702	3	BV	bahuvrīhi	vigata-icchā-bhaya-krodha	vigatecchā-bhaya-krodhaḥ	5.28	0	100.0
703	3	BV	bahuvrīhi	an-ātman	anātmanaḥ	6.06	0	100.0
704	3	BV	bahuvrīhi	jita-ātman	jitātmanaḥ	6.07	0	100.0
705	3	BV	bahuvrīhi	jñāna-vijñāna-tṛpta-ātman	jñāna-vijñāna-tṛptātmā	6.08	0	100.0
706	3	BV	bahuvrīhi	vijita-indriya	vijitendriyaḥ	6.08	0	100.0
707	3	BV	bahuvrīhi	sama-buddhi	sama-buddhiḥ	6.09	0	100.0
708	3	BV	bahuvrīhi	a-pari-graha	apari-grahaḥ	6.10	0	100.0
709	3	BV	bahuvrīhi	praśānta-ātman	praśāntātmā	6.14	0	100.0
710	3	BV	bahuvrīhi	vigata-bhī	vigatabhīḥ	6.14	0	100.0
711	3	BV	bahuvrīhi	niyata-mānasa	niyata-mānasaḥ	6.15	0	100.0
712	3	BV	bahuvrīhi	nirvāṇa-paramā	nirvāṇa-paramām	6.15	0	100.0
713	3	BV	bahuvrīhi	ati-svapna-śīlasya	ati-svapna-śīlasya	6.16	0	100.0
714	3	BV	bahuvrīhi	yata-citta	yata-cittasya	6.19	0	100.0
715	3	BV	bahuvrīhi	saṁkalpa-prabhava	saṁkalpa-prabhavān	6.24	0	100.0
716	3	BV	bahuvrīhi	praśānta-manas	praśānta-manasam	6.27	0	100.0
717	3	BV	bahuvrīhi	śānta-rajas	śānta-rajasam	6.27	0	100.0
718	3	BV	bahuvrīhi	vigata-kalmaṣa	vigata-kalmaṣaḥ	6.28	0	100.0
719	3	BV	bahuvrīhi	brahma-saṁsparśa	brahma-saṁsparśam	6.28	0	100.0
720	3	BV	bahuvrīhi	yoga-yuktātman	yoga-yuktātmā	6.29	0	100.0
721	3	BV	bahuvrīhi	sama-darśana	sama-darśanaḥ	6.29	0	100.0
722	3	BV	bahuvrīhi	saṁśuddha-kilbiṣa	saṁśuddha-kilbiṣaḥ	6.45	0	100.0
723	3	BV	bahuvrīhi	aneka-janma-saṁsiddha	aneka-janma-saṁsiddhaḥ	6.45	0	100.0
724	3	BV	bahuvrīhi	ā-sakta-manas	āsakta-manāḥ	7.01	0	100.0
725	3	BV	bahuvrīhi	sa-vijñāna	sa-vijñānam	7.02	0	100.0
726	3	BV	bahuvrīhi	etad-yoni	etad-yonīni	7.06	0	100.0
727	3	BV	bahuvrīhi	apahṛta-jñāna	apahṛta-jñānāḥ	7.15	0	100.0
728	3	BV	bahuvrīhi	hṛta-jñāna	hṛta-jñānāḥ	7.20	0	100.0
729	3	BV	bahuvrīhi	alpa-medhas	alpa-medhasām	7.23	0	100.0
730	3	BV	bahuvrīhi	puṇya-karman	puṇya-karmaṇām	7.28	0	100.0
731	3	BV	bahuvrīhi	dṛḍha-vrata	dṛḍha-vratāḥ	7.28	0	100.0
732	3	BV	bahuvrīhi	sa-adhi-yajña	sādhi-yajñam	7.30	0	100.0
733	3	BV	bahuvrīhi	yukta-cetas	yukta-cetasaḥ	7.30	0	100.0
734	3	BV	bahuvrīhi	niyata-ātman	niyatātmabhiḥ	8.02	0	100.0
735	3	BV	bahuvrīhi	acintya-rūpa	acintya-rūpam	8.09	0	100.0
736	3	BV	bahuvrīhi	āditya-varṇa	āditya-varṇam	8.09	0	100.0
737	3	BV	bahuvrīhi	vīta-rāga	vīta-rāgāḥ	8.11	0	100.0
738	3	BV	bahuvrīhi	an-anya-cetas	ananya-cetāḥ	8.14	0	100.0
739	3	BV	bahuvrīhi	mahā-ātman	mahātmānaḥ	8.15	0	100.0
740	3	BV	bahuvrīhi	yuga-sahasra-antā	yuga-sahasrāntām	8.17	0	100.0
741	3	BV	bahuvrīhi	praty-akṣa-avagama	pratyakṣāvagamam	9.02	0	100.0
742	3	BV	bahuvrīhi	moghāśa	moghāśāḥ	9.12	0	100.0
743	3	BV	bahuvrīhi	mogha-karman	mogha-karmāṇaḥ	9.12	0	100.0
744	3	BV	bahuvrīhi	mogha-jñāna	mogha-jñānāḥ	9.12	0	100.0
745	3	BV	bahuvrīhi	mahā-ātman	mahātmānaḥ	9.13	0	100.0
746	3	BV	bahuvrīhi	an-anya-manas	ananya-manasaḥ	9.13	0	100.0
747	3	BV	bahuvrīhi	dṛḍha-vrata	dṛḍha-vratāḥ	9.14	0	100.0
748	3	BV	bahuvrīhi	viśvato-mukha	viśvato-mukham	9.15	0	100.0
749	3	BV	bahuvrīhi	trai-vidya	trai-vidyāḥ	9.20	0	100.0
750	3	BV	bahuvrīhi	deva-vrata	deva-vratāḥ	9.25	0	100.0
751	3	BV	bahuvrīhi	pitṛ-vrata	pitṛ-vratāḥ	9.25	0	100.0
752	3	BV	bahuvrīhi	bhūta-ijya	bhūtejyāḥ	9.25	0	100.0
753	3	BV	bahuvrīhi	prayata-ātman	prayatātmanaḥ	9.26	0	100.0
754	3	BV	bahuvrīhi	saṁnyāsa-yoga-yukta-ātman	saṁnyāsa-yoga-yuktātmā	9.28	0	100.0
755	3	BV	bahuvrīhi	pāpa-yoni	pāpa-yonayaḥ	9.32	0	100.0
756	3	BV	bahuvrīhi	man-manas	man-manāḥ	9.34	0	100.0
757	3	BV	bahuvrīhi	mat-parāyaṇa	mat-parāyaṇaḥ	9.34	0	100.0
758	4	DV	dvandva	su-ghoṣa-maṇi-puṣpaka	sughoṣa-maṇi-puṣpakau	1.16	0	100.0
759	4	DV	dvandva	suhṛn-mitra-ary-udāsīna-madhya-stha-dveṣya-bandhu	suhṛn-mitrāry-udāsīna-madhyastha-dveṣya-bandhuṣu	6.09	0	100.0
