anchor_key_slp1	dcs_lemma_id	dcs_lemma_iast	tier	evidence_count
ABAsin	214481	ābhāṣin	relaxed	2
ABaraRa	214302	abharaṇa	relaxed	1
ABrika	213561	abhrikā	relaxed	1
ADAraRa	201233	adhāraṇa	relaxed	2
ADyE	216338	adhyai	relaxed	1
AGrARa	201929	aghrāṇa	relaxed	3
AKyAyikA	220777	ākhyāyika	relaxed	1
ANgarizWa	214508	aṅgāriṣṭha	relaxed	2
APUka	204652	aphūka	relaxed	3
APUka	205812	aphuka	relaxed	1
APalaka	171357	aphalaka	relaxed	1
ASiYj	211026	āsiñj	relaxed	1
ASikzA	214017	aśikṣā	relaxed	1
ASrayASa	225371	āśrāyasa	relaxed	2
ASreya	222174	āsreya	relaxed	1
ASvinI	60410	aśvinī	relaxed	46
ASvineya	201406	aśvineya	relaxed	1
AYjigavi	225770	āñjīgavi	relaxed	1
Abrahma	177139	abrāhma	relaxed	1
AcCanna	171248	acchanna	relaxed	1
AdAyamAna	214411	adayamāna	relaxed	1
AdIpta	7579	adīpta	relaxed	1
AdaMSa	199178	adaṃśa	relaxed	1
AdiS	170717	adiś	relaxed	2
AdigDa	207026	adigdha	relaxed	1
AdityapraBa	226482	ādityaprabhā	relaxed	5
AdityavarRa	209580	ādityavarṇā	relaxed	1
Adizwa	172373	adiṣṭa	relaxed	2
AdyakAlika	209966	adyakālika	relaxed	1
AgAraDUma	203064	agāradhūma	relaxed	2
AgArika	170693	agārika	relaxed	6
AgF	159726	āgṛ	relaxed	1
Agamana	201548	agamana	relaxed	6
Agantf	201148	agantṛ	relaxed	4
AgnAvEzRava	223594	agnāvaiṣṇava	relaxed	1
AgnIDrIya	224231	āgnidhrīya	relaxed	1
AgnyADeyikya	224179	agnyādheyikya	relaxed	1
AgraTita	207582	agrathita	relaxed	1
AhAray	223223	āharay	relaxed	1
AhInika	225357	āhinīka	relaxed	2
AhaMkArika	209929	ahaṃkārika	relaxed	1
Ahaka	205330	ahaka	relaxed	3
Ahalak	224228	ahalak	relaxed	1
AjYApaka	203878	ajñāpaka	relaxed	1
AjYAtf	214581	ajñātṛ	relaxed	1
AjihIrzA	174515	ajihīrṣā	relaxed	1
AkANkzin	172040	akāṅkṣin	relaxed	2
AkAravat	217350	ākaravat	relaxed	2
AkArita	212012	akārita	relaxed	1
Akac	213241	akac	relaxed	4
Akleda	214253	akleda	relaxed	1
AlApin	200543	alapin	relaxed	1
AliKita	169607	alikhita	relaxed	2
AlokAkASa	170256	alokākāśa	relaxed	2
Aloqya	207880	aloḍya	relaxed	1
AmAd	217667	āmad	relaxed	1
AmIlita	207986	amīlita	relaxed	1
AmaRqaka	214308	amandaka	relaxed	1
AmaganDa	174443	āmagandhā	relaxed	1
AmuktikA	220881	āmuktika	relaxed	1
AnATya	211828	anāthya	relaxed	1
AnAyAy	171922	ānāyay	relaxed	119
Anandana	212835	anandana	relaxed	1
AnfRya	170026	anṛṇya	relaxed	3
AntarAlika	176317	antarālika	relaxed	3
ApAyika	170948	apāyika	relaxed	1
ApIya	223531	apiyā	relaxed	1
Apadeva	223796	apadeva	relaxed	1
Apadika	201615	apādikā	relaxed	1
AparAhRika	199471	aparāhṇika	relaxed	9
Apavargika	208873	apavargika	relaxed	1
ApiSaNga	199016	apiśaṅga	relaxed	2
Aplavana	202154	āplāvana	relaxed	5
ArUQi	169938	arūḍhi	relaxed	1
AraNga	172902	araṅga	relaxed	1
AraYjana	204562	arañjana	relaxed	1
AraktI	167854	arakti	relaxed	1
ArakzaRa	201741	arakṣaṇa	relaxed	2
ArakzaRa	211503	arakṣaṇa	relaxed	1
AramBaRIya	223879	ārambhaṇīyā	relaxed	10
Arawita	222665	arātīta	relaxed	2
Arawwa	216877	āraṭṭā	relaxed	1
Arocana	166003	arocana	relaxed	1
Artimat	204645	artimat	relaxed	2
AryamRa	223049	aryamṇa	relaxed	2
Aryaputra	211622	aryaputra	relaxed	32
ArzyaSfNga	215109	ārśyaśṛṅga	relaxed	1
AsaMsAra	215141	asaṃsāra	relaxed	1
Asajya	209417	asajya	relaxed	1
AsanAdi	205580	asanādi	relaxed	3
Asanaka	205616	asanaka	relaxed	1
Asf	170169	āśṛ	relaxed	2
Asic	215944	asic	relaxed	1
AsrAvin	202230	asrāvin	relaxed	1
AstAva	224141	āstava	relaxed	3
AstaraRavat	174594	āstāraṇavat	relaxed	1
AsurAyaRi	200275	āsurāyaṇī	relaxed	2
AsvAdana	217554	āsvadana	relaxed	1
AsvApana	206931	asvapana	relaxed	1
Asvan	210656	aśvan	relaxed	1
AtF	159770	ātṛ	relaxed	13
Atam	215657	ātām	relaxed	1
AtapAy	220845	ātāpay	relaxed	1
Atijagata	222307	atijāgata	relaxed	4
Atman	223537	atman	relaxed	2
Atu	213768	atu	relaxed	1
Avarjya	176350	avarjya	relaxed	2
Avasu	222193	avasu	relaxed	1
AveDa	215157	avedha	relaxed	1
Avega	205099	avega	relaxed	3
AviBA	224904	avibha	relaxed	2
AvirBAva	222393	āvirbhava	relaxed	1
Awavya	211299	āṭavyā	relaxed	1
AyAc	215865	ayac	relaxed	1
AyAcitf	210992	ayācitṛ	relaxed	1
AyoDa	225386	ayodha	relaxed	1
Ayuktaka	212284	ayuktaka	relaxed	1
BARqArI	206409	bhaṇḍārī	relaxed	1
BAgIraTI	220279	bhagīrathī	relaxed	1
BAllavin	199028	bhallāvin	relaxed	1
BArAy	160269	bhāray	relaxed	1
BArAy	218161	bharay	relaxed	5
BAradvAjAyana	216835	bharadvājāyana	relaxed	1
BAradvAjI	210795	bharadvājī	relaxed	1
BArgava	211268	bhārgavā	relaxed	1
BAsAy	157943	bhāṣay	relaxed	7
BAsAy	159477	bhāsay	relaxed	45
BAsura	209312	bhāsurā	relaxed	1
BAvaSudDi	213616	bhavaśuddhi	relaxed	1
BUDaraja	200806	bhūdharajā	relaxed	1
BUmat	224028	bhumat	relaxed	1
BUrja	166363	bhurja	relaxed	2
BUtaBavya	225271	bhūtābhavya	relaxed	1
BUtapati	209334	bhūtapatī	relaxed	1
BUtavfkza	205685	bhūtavṛkṣā	relaxed	1
BUzAy	160268	bhūṣay	relaxed	514
BaNgASvina	225689	bhāṅgāśvina	relaxed	1
BaNgAsvana	217191	bhaṅgāśvana	relaxed	3
BaRqIralatikA	167221	bhāṇḍīralatikā	relaxed	1
BaRwAkI	168694	bhāṇṭākī	relaxed	1
BaYjI	213781	bhañji	relaxed	1
BaYjin	206912	bhāñjin	relaxed	2
BaddAlin	220274	bhāddālin	relaxed	1
BadrABadra	208668	bhadrābhadrā	relaxed	1
BadrAha	209351	bhadrahā	relaxed	1
Badraja	166261	bhadrajā	relaxed	1
BadrakASI	166935	bhadrakāsī	relaxed	1
BadrakarRa	209251	bhadrakarṇā	relaxed	2
Badrayava	166263	bhadrayavā	relaxed	5
Bagini	48528	bhaginī	relaxed	261
Bagini	49537	bhāginī	relaxed	4
BallAtaka	202126	bhāllātaka	relaxed	1
BaratASrama	208210	bhāratāśrama	relaxed	1
BarukacCa	198617	bhārukaccha	relaxed	1
BayAvaha	174771	bhayāvahā	relaxed	1
BayAy	211086	bhāyay	relaxed	2
Baya	206008	bhayā	relaxed	2
BerIka	202169	bherikā	relaxed	1
BettA	172005	bhetta	relaxed	1
BfNgapriyA	166355	bhṛṅgapriya	relaxed	1
BfNgiriwa	172092	bhṛṅgirīṭa	relaxed	2
BfSa	176546	bhṛśā	relaxed	2
Bfgupatana	172434	bhṛgupātana	relaxed	3
BikzAda	212506	bhikṣada	relaxed	4
BikzaRa	216049	bhīkṣaṇa	relaxed	1
Bizagjita	211239	bhiṣagjitā	relaxed	1
BrUkuwika	217575	bhrūkuṭīka	relaxed	1
BrUkuwika	221564	bhrukuṭikā	relaxed	3
BramAy	159183	bhrāmay	relaxed	134
BramAy	166695	bhramay	relaxed	24
BramarAnanda	166531	bhramarānandā	relaxed	1
BramarotsavA	210439	bhramarotsava	relaxed	1
Bukta	166774	bhuktā	relaxed	1
Buvana	172002	bhuvanā	relaxed	3
CARaka	175024	chaṇaka	relaxed	1
CAndasa	224934	chandasa	relaxed	9
CUrikApattrI	166402	churikāpattrī	relaxed	1
Cadma	167220	chadmā	relaxed	1
Cana	173662	chāṇa	relaxed	14
Catrin	214686	chātrin	relaxed	1
CattrAkI	206461	chattrakī	relaxed	1
Caz	213579	chas	relaxed	2
Cidra	209353	chidrā	relaxed	2
CinnodBavA	174568	chinnodbhava	relaxed	1
DAnuzya	167710	dhanuṣya	relaxed	1
DArAPala	168614	dhārāphalā	relaxed	1
DArAy	157617	dhāray	relaxed	1833
DAraRika	210694	dharaṇika	relaxed	2
DAtrIPala	210964	dhātrīphalā	relaxed	1
DAtreyikA	209113	dhātreyika	relaxed	1
DUlIjaNGa	174829	dhūlijaṅgha	relaxed	1
DUlikA	211729	dhūlīka	relaxed	1
DUrvI	215548	dhurvi	relaxed	1
Dak	213272	ḍhak	relaxed	12
DanADyakza	209609	dhanādhyakṣā	relaxed	1
DanAy	219443	dhanay	relaxed	4
Danapara	226450	dhanaparā	relaxed	1
Danvantari	209050	dhanvantarī	relaxed	1
Danvantari	224309	dhānvantari	relaxed	2
DarmaSIla	216487	dharmaśīlā	relaxed	1
Darmin	200169	dhārmin	relaxed	3
DayantikA	91884	dhayantika	relaxed	1
Dun	214867	dhūñ	relaxed	2
DvajAgraniSAmaRi	221940	dhvajāgraniśāmaṇī	relaxed	1
Dvasra	223497	dhvasrā	relaxed	2
Dvat	214807	dhvāt	relaxed	1
DyAmaka	212680	dhyāmakā	relaxed	1
ErAvata	210489	airavata	relaxed	1
GArikA	176828	ghārika	relaxed	1
GAtay	158357	ghāṭay	relaxed	1
GAtay	169279	ghaṭay	relaxed	40
GanIBAva	203153	ghānībhāva	relaxed	1
Gftavat	222711	ghṛtāvat	relaxed	1
Goqa	169504	ghoḍā	relaxed	1
GrAM	224013	ghram	relaxed	1
Guwa	210509	ghuṭā	relaxed	1
IdfSa	169610	īdṛṣa	relaxed	1
Iya	214917	iya	relaxed	1
KARu	220211	khanu	relaxed	1
KaSaya	217102	khaśayā	relaxed	1
Kaga	212925	khagā	relaxed	1
KalvakA	166712	khalvaka	relaxed	8
Kaqgaka	217753	khāḍgaka	relaxed	1
KaracCada	166139	kharacchadā	relaxed	1
Kaz	215400	khaś	relaxed	2
KelAy	216221	khelay	relaxed	2
Kfgala	223172	khṛgalā	relaxed	1
KilI	213136	khili	relaxed	2
Kowaka	205067	khoṭakā	relaxed	1
KyA	213657	khya	relaxed	1
KyAti	198999	khyātī	relaxed	1
Kyan	215258	khyāñ	relaxed	1
OdgAhamAni	202074	audgāhamani	relaxed	1
Ograseni	225490	augrasenī	relaxed	2
Otkarzya	175737	autkārṣya	relaxed	1
OttAnapAdi	216055	auttānapadi	relaxed	1
OttarapaTa	168722	auttarāpatha	relaxed	1
OttarapaTa	168753	auttarāpathā	relaxed	1
PAwakI	176045	phaṭakī	relaxed	2
PaRijihvikA	168696	phāṇijihvikā	relaxed	1
PalAmlika	208530	phalāmlikā	relaxed	1
PalAy	201023	phālay	relaxed	1
PalInI	154118	phalinī	relaxed	39
PalapriyA	174830	phalapriya	relaxed	1
Palgu	226445	phālgu	relaxed	1
PeYcaka	173689	pheñcāka	relaxed	1
SAKAmlA	210484	śākhāmla	relaxed	1
SAMSapAyana	218555	śāṃsapāyana	relaxed	1
SAMSapa	212449	saṃśapa	relaxed	1
SARqikera	223048	śāṇḍīkera	relaxed	1
SAkI	215349	śaki	relaxed	1
SAkaSAkawa	219138	śākaśākata	relaxed	1
SAlIki	222536	śāliki	relaxed	2
SAlInI	132444	śālinī	relaxed	5
SAlin	174745	śalin	relaxed	2
SAlmalIvezwa	170389	śālmaliveṣṭa	relaxed	1
SAlmala	200312	śalmala	relaxed	1
SAlmalika	201523	śālmalikā	relaxed	1
SAlveyaka	209436	sālveyaka	relaxed	1
SAntanunandana	217857	śantanunandana	relaxed	5
SAntideva	132292	śāntidevā	relaxed	5
SAradvata	199577	śaradvata	relaxed	1
SAratalpika	199807	śaratalpika	relaxed	1
SAzpaka	213523	śaṣpaka	relaxed	1
SElavAlukA	200949	śailavāluka	relaxed	1
SElodA	198882	śailoda	relaxed	1
SElodaka	198883	śailodakā	relaxed	1
SEvAlaka	191824	śaivalaka	relaxed	1
SItAnta	208566	sitānta	relaxed	4
SItapuzpaka	170435	sitapuṣpaka	relaxed	1
SItara	208822	sitāra	relaxed	1
SUlAcitaka	212120	śūlacitaka	relaxed	1
SUlAy	204662	śūlay	relaxed	4
SUlina	171192	sulīna	relaxed	1
SUrataraka	174793	suratārakā	relaxed	1
SUzya	224127	śuṣya	relaxed	1
SaMstA	209724	saṃsta	relaxed	2
SaMtAtIya	219814	śaṃtatīya	relaxed	1
SaMyuH	222078	saṃyūh	relaxed	1
SaNKI	212886	śāṅkhī	relaxed	1
SaNKakusuma	165805	śaṅkhakusumā	relaxed	2
SaNKamAlinI	115147	śaṅkhamālini	relaxed	1
SaNkAvizA	206680	śaṅkāviṣa	relaxed	2
SaRWa	218007	ṣaṇṭha	relaxed	8
SaSAda	202839	sasāda	relaxed	1
SaSikara	175904	sasīkara	relaxed	2
Sabalaka	173463	sabalāka	relaxed	2
Sak	214893	sak	relaxed	1
Sakaca	217001	sakaca	relaxed	1
SakalIkfti	215218	sakalīkṛti	relaxed	1
Sakan	215516	ṣākan	relaxed	1
SakrAhva	166259	śakrāhvā	relaxed	6
SaktIvat	213939	śaktivat	relaxed	1
Sakunaka	176958	śākunaka	relaxed	1
Sakunta	208163	śākunta	relaxed	1
Samopya	221035	samopya	relaxed	1
SapaTa	174481	sapāṭha	relaxed	1
SaraPala	210738	sāraphala	relaxed	1
SaraSAstra	218048	sāraśāstra	relaxed	3
SarabanDa	204335	sārabandha	relaxed	1
SatAnIka	217786	sātānika	relaxed	1
SatAvarta	209669	śatāvartā	relaxed	1
SatadrukA	216874	śatadruka	relaxed	1
SataprAsa	210427	śataprāśa	relaxed	1
SatasA	167027	satasā	relaxed	1
SevAlI	170314	sevālī	relaxed	1
SfNKalika	166017	śṛṅkhalikā	relaxed	13
Sici	215306	sici	relaxed	1
SilAdAna	208538	śilādana	relaxed	1
SilAsana	208518	śilāśana	relaxed	3
Silina	209066	śīlīna	relaxed	1
SiloYCa	224694	śiloñchā	relaxed	3
SitipAda	222195	śitipada	relaxed	4
SivAnanda	175645	śivānandā	relaxed	2
SivAwikA	205910	sivātikā	relaxed	1
SivaBakta	204919	śivābhakta	relaxed	1
SivatIrTa	208005	śīvatīrtha	relaxed	1
Sivi	205676	śivī	relaxed	1
SlAGana	41111	ślāghanā	relaxed	1
SlaTAy	205384	ślathay	relaxed	3
SoBAy	157511	śobhay	relaxed	325
SoBika	216548	śobhikā	relaxed	2
SoDaka	216585	soḍhāka	relaxed	1
SoPa	167277	śophā	relaxed	1
Som	213093	soṃ	relaxed	3
SrAvaRaSIrzaka	169149	śravaṇaśīrṣakā	relaxed	2
SrIDara	209656	śrīdharā	relaxed	1
SrIkArI	209657	śrīkarī	relaxed	1
SrIniketana	172025	śrīniketanā	relaxed	1
SrIpA	201391	śrīpa	relaxed	1
SrOzwi	221078	śrauṣṭī	relaxed	1
SrUzA	223509	śruṣa	relaxed	2
SraTAy	219719	śrathay	relaxed	9
SrutadevI	176449	śrutādevī	relaxed	2
SuBAna	211962	subhāna	relaxed	1
SudDAyU	223628	śuddhāyu	relaxed	5
Suk	214933	ṣuk	relaxed	3
Suktaka	208492	sūktaka	relaxed	1
SunIra	172950	sunīrā	relaxed	1
Suzka	206645	śuṣkā	relaxed	2
Svanara	214085	svanara	relaxed	1
Svayana	217125	svayana	relaxed	1
SvetaPalA	210716	śvetaphala	relaxed	1
Syan	213531	ṣyaṅ	relaxed	3
Syan	215837	ṣyañ	relaxed	1
SyenapAta	215723	śyenapātā	relaxed	5
Un	213868	uñ	relaxed	3
Un	215572	uṇ	relaxed	2
UrDvapAtanayantra	176697	ūrdhvapātanāyantra	relaxed	3
UrRavABi	222027	ūrṇāvabhi	relaxed	1
UrzA	199581	ūrṣa	relaxed	1
aBAvanA	22066	abhāvana	relaxed	3
aBAvanA	170646	abhavana	relaxed	1
aBakti	222746	ābhakti	relaxed	1
aBiBava	221225	abhībhava	relaxed	1
aBiSravaRa	225211	abhiśrāvaṇa	relaxed	4
aBigF	158602	abhigṛ	relaxed	14
aBilAzika	208181	ābhilāṣika	relaxed	1
aBimAda	212321	abhimada	relaxed	1
aBimanAy	201716	abhimānay	relaxed	2
aBinizWiv	158729	abhiniṣṭhīv	relaxed	2
aBinu	223141	abhinū	relaxed	2
aBipF	199615	abhipṛ	relaxed	8
aBipiS	221100	abhipiṣ	relaxed	2
aBipradF	158803	abhipradṛ	relaxed	1
aBipratigF	158793	abhipratigṛ	relaxed	1
aBisaMgF	159117	abhisaṃgṛ	relaxed	3
aBisaMtF	159127	abhisaṃtṛ	relaxed	2
aBisambuD	199298	abhisaṃbudh	relaxed	148
aBitF	158635	abhitṛ	relaxed	2
aBivIkzA	222697	abhivikśā	relaxed	3
aBiviSF	159001	abhiviśṛ	relaxed	1
aBivijYA	168110	abhivijña	relaxed	1
aBivyakta	209237	abhivyaktā	relaxed	1
aBizWiv	159081	abhiṣṭhīv	relaxed	1
aBizeRa	221226	abhīṣeṇa	relaxed	1
aBraka	201327	ābhraka	relaxed	1
aBrama	218495	ābhrama	relaxed	1
aByAtF	159301	abhyātṛ	relaxed	3
aByUhanA	218017	abhyūhana	relaxed	1
aByaYj	223789	abhyāñj	relaxed	2
aByavakF	159261	abhyavakṛ	relaxed	38
aByupAhf	224167	abhyupahṛ	relaxed	1
aByupagam	172254	abhyupāgam	relaxed	12
aByuttF	159336	abhyuttṛ	relaxed	1
aDIvAsas	212475	adhivāsas	relaxed	1
aDarIkf	172756	ādhārīkṛ	relaxed	1
aDarakaRwaka	205934	adharakaṇṭakā	relaxed	1
aDaray	209984	ādhāray	relaxed	4
aDidanta	225514	adhidānta	relaxed	1
aDidevatA	223106	adhidevata	relaxed	27
aDikAraka	211940	ādhikāraka	relaxed	2
aDiprajYA	217458	adhiprajña	relaxed	1
aDyAvApa	226374	adhyāvapa	relaxed	1
aDyasTa	211513	adhyāsthā	relaxed	1
aDyavasAna	225212	adhyavasana	relaxed	1
aDyayana	169654	adhyāyana	relaxed	2
aGAtuka	224791	āghātuka	relaxed	1
aGahAra	223213	aghahārā	relaxed	1
aMSaka	210559	aṃsaka	relaxed	3
aMSika	174356	aṃśikā	relaxed	17
aNgadIya	206914	aṅgadīyā	relaxed	2
aNguzWa	213070	aṅguṣṭhā	relaxed	1
aNkaloqya	173766	aṅkāloḍya	relaxed	1
aRImARqavya	201875	āṇīmāṇḍavya	relaxed	2
aSAKA	176931	aśākha	relaxed	1
aSAy	168166	āśay	relaxed	88
aSAy	171220	āsay	relaxed	9
aSEvala	172623	aśaivalā	relaxed	2
aSOcaka	214018	āśaucaka	relaxed	2
aSanavat	202031	āsanavat	relaxed	6
aSanin	212905	āsanin	relaxed	2
aSmala	220985	aśmalā	relaxed	2
aSoca	174414	aśocā	relaxed	1
aSucitA	171628	aśucita	relaxed	1
aSvakarRa	206885	āśvakarṇa	relaxed	1
aSvala	170437	aśvāla	relaxed	1
aSvayu	175829	aśvāyu	relaxed	1
acCAvAkIya	221333	acchāvākīyā	relaxed	7
acEtanya	170164	ācaitanya	relaxed	12
adUzya	171359	aduṣya	relaxed	4
adaka	220009	ādaka	relaxed	1
adantya	214494	ādāntya	relaxed	1
adarSin	215083	ādarśin	relaxed	1
adri	205214	adrī	relaxed	1
adrikA	209034	adrika	relaxed	1
agAvaha	212437	āgāvaha	relaxed	2
agadaMkAra	203419	agadaṃkara	relaxed	2
agarha	171164	agarhā	relaxed	2
agnIzomIya	219800	agniṣomīya	relaxed	2
agnIzomIya	224484	āgnīṣomīya	relaxed	3
agniSeKara	5861	agnisekhara	relaxed	1
agnidatta	219229	agnidattā	relaxed	1
agnituRqa	204639	agnituṇḍā	relaxed	1
agnivisarpa	214274	agnivīsarpa	relaxed	1
agnyA	217299	āgnya	relaxed	1
agotra	209628	agotrā	relaxed	1
agrahaRa	215247	āgrahaṇa	relaxed	1
ahIra	225254	ahira	relaxed	1
ahaMmAnin	206814	ahammānin	relaxed	2
ahampratyaya	170925	ahaṃpratyaya	relaxed	2
ahiMsA	201392	ahiṃsa	relaxed	3
ahiMsAna	213289	ahiṃsana	relaxed	1
ahiMsaka	208511	āhiṃsaka	relaxed	1
ahilocana	173921	ahilocanā	relaxed	1
ahimAra	176039	ahimara	relaxed	1
ahinas	222396	ahīnas	relaxed	3
ajakarRa	175661	ajākarṇa	relaxed	1
ajamuKI	201623	ajāmukhī	relaxed	2
ajikA	208259	ājika	relaxed	1
ajikA	224918	ājīka	relaxed	1
ajinAvatI	211778	ajinavatī	relaxed	4
ajiravatI	218431	ajirāvatī	relaxed	1
akAraRaka	170654	akaraṇaka	relaxed	2
akAraka	174604	ākāraka	relaxed	8
akaSAya	205417	akaṣāya	relaxed	1
akalpika	221505	ākalpika	relaxed	1
akartf	221134	ākartṛ	relaxed	1
akftrima	215685	akṛtrimā	relaxed	1
akuDryaYc	222722	akūdhryañc	relaxed	3
akzan	202369	ākṣan	relaxed	1
akzita	199751	akṣitā	relaxed	1
akzoBa	204523	ākṣobha	relaxed	1
akzudra	209659	akṣudrā	relaxed	1
alaMkAravatI	219170	alaṃkaravatī	relaxed	1
alaMkaraRa	219716	alaṃkāraṇa	relaxed	1
alaMpura	172409	alampura	relaxed	4
alaktaka	205624	ālaktaka	relaxed	4
alakzmI	222507	alakṣmi	relaxed	1
alavAlaka	204918	ālavālaka	relaxed	2
alavaRa	202729	alavaṇā	relaxed	1
alikAtIrTa	212216	ālikātīrtha	relaxed	1
allama	169502	allāma	relaxed	1
allama	173893	āllama	relaxed	1
alomaSa	174586	alomaśā	relaxed	2
amAhaWa	200137	āmāhaṭha	relaxed	1
amUra	31869	amura	relaxed	2
amada	173804	āmaḍā	relaxed	1
amajjana	219266	āmajjana	relaxed	1
amarzin	209433	āmarśin	relaxed	1
ambayA	219769	āmbaya	relaxed	1
ambazWakI	206133	āmbaṣṭhakī	relaxed	1
amfja	219876	amṛjā	relaxed	1
amftakanda	211386	amṛtakandā	relaxed	1
amlasAra	167031	amlasarā	relaxed	1
amlavAstUka	168519	amlavāstuka	relaxed	1
amu	215935	āmu	relaxed	1
anASrita	167474	anāśritā	relaxed	1
anASya	223039	anaśya	relaxed	1
anAhArin	169517	anāharin	relaxed	1
anAmikA	206291	anāmika	relaxed	1
anAyAsa	212009	anāyasa	relaxed	4
anAzwra	212730	anastra	relaxed	2
anDakAri	173503	andhakārī	relaxed	4
anDraka	199550	āndhraka	relaxed	5
anUdyaM	216062	anūdyam	relaxed	10
anUkASa	222741	anukāśa	relaxed	1
anUkASin	224343	anukāśin	relaxed	1
anUparAma	169698	anuparama	relaxed	1
anUtTA	200003	anuttha	relaxed	2
anUtsarga	171522	anutsarga	relaxed	3
anaBijYa	200694	anabhijñā	relaxed	1
anaBimAna	214596	anabhīmāna	relaxed	1
anaGa	223604	anaghā	relaxed	1
anantara	9894	anantarā	relaxed	2
anapaSrita	210357	anapāśrita	relaxed	1
anapahata	214552	anapāhata	relaxed	1
anapakfta	212441	anapākṛta	relaxed	1
anapekzita	170689	anapekṣitā	relaxed	1
anaquhI	174714	ānaḍuhī	relaxed	1
anaraka	203686	anāraka	relaxed	1
anasvat	215468	anāśvat	relaxed	6
aniHsrAvin	211036	aniḥśrāvin	relaxed	1
anilApaha	174056	anilāpahā	relaxed	1
animizatA	221418	animiṣata	relaxed	1
annapatIyA	223760	annapatīya	relaxed	1
antaHprasavA	225447	antaḥprasava	relaxed	1
anuSAlA	211152	anuśāla	relaxed	1
anuSrAvaRa	171011	anuśravaṇa	relaxed	2
anubanDitva	171461	ānubandhitva	relaxed	1
anucaryA	225352	anucarya	relaxed	1
anudF	157772	anudṛ	relaxed	7
anugF	157717	anugṛ	relaxed	1
anugrAhaka	208323	anugrahaka	relaxed	1
anugraha	213089	anugrahā	relaxed	5
anuhurC	158215	anuhūrch	relaxed	1
anukAla	208890	anukala	relaxed	1
anukaraRa	201359	anukāraṇa	relaxed	1
anunu	223342	anunū	relaxed	1
anupAlaBya	171756	anupalabhya	relaxed	2
anupUrvaSaH	175802	ānupūrvaśaḥ	relaxed	1
anupalabDa	201199	anupālabdha	relaxed	1
anuparikF	157830	anuparikṛ	relaxed	1
anuparisic	223821	anupariṣic	relaxed	4
anurI	158009	anuri	relaxed	1
anuroha	224064	anūroha	relaxed	3
anusU	224256	anuṣū	relaxed	2
anusaMtF	158182	anusaṃtṛ	relaxed	2
anusamaya	218420	anusamāyā	relaxed	1
anutF	157756	anutṛ	relaxed	2
anuvA	224065	anuva	relaxed	1
anuvadana	216070	anuvādana	relaxed	1
anuvft	224063	anūvṛt	relaxed	2
anuvisf	216015	anuviśṛ	relaxed	1
anuvyaS	224899	anuvyas	relaxed	1
anuzWAnI	11416	anuṣṭhāni	relaxed	2
anuziD	203072	anusidh	relaxed	2
anvavArj	222445	anvavarj	relaxed	2
apANktya	213061	apaṅktya	relaxed	3
apAkartu	220635	apakartu	relaxed	1
apAraka	175323	aparaka	relaxed	1
apUta	212294	apuṭa	relaxed	1
apaSastra	214353	apaśāstra	relaxed	2
apacAyanA	224197	apacayana	relaxed	1
apacana	210806	apācana	relaxed	1
apahAraka	208162	apaharaka	relaxed	1
apahft	174777	āpahṛt	relaxed	1
apakram	208333	apākram	relaxed	5
apakramin	224905	apakrāmin	relaxed	1
apalApa	204532	apālāpa	relaxed	3
apalAzin	176932	apalāśin	relaxed	1
apalita	214348	apālita	relaxed	1
apamArgaka	165911	apāmārgaka	relaxed	4
aparAnta	211128	āparānta	relaxed	1
aparihAra	213192	aparīhāra	relaxed	1
apasArya	222057	apasaryā	relaxed	1
apavfj	221119	apāvṛj	relaxed	1
apivat	224323	āpīvat	relaxed	2
aprArTanIyA	209424	aprārthanīya	relaxed	2
aprAveSya	212612	apraveśya	relaxed	1
apragADa	211368	apragāḍha	relaxed	1
aprastava	211566	aprastāva	relaxed	2
apratIGAtin	210278	apratighātin	relaxed	1
apratisaMbadDa	207617	apratisambaddha	relaxed	3
apratisaMvedanA	203685	apratisaṃvedana	relaxed	1
apratizidDa	202660	apratisiddha	relaxed	2
aprayata	210080	aprayāta	relaxed	2
aqq	214771	adḍ	relaxed	1
arAdDi	217180	ārāddhi	relaxed	1
arDArDikA	218270	ardhardhikā	relaxed	1
arTakArin	211765	arthakarin	relaxed	1
araka	207277	āraka	relaxed	2
argalAy	226193	argalay	relaxed	1
arhaka	218432	ārhaka	relaxed	1
arpay	221098	ārpay	relaxed	21
aruMzikA	199965	arūṃṣikā	relaxed	6
asTiSfNKalA	172175	asthiśṛṅkhala	relaxed	1
asaMBAvin	169699	asambhavin	relaxed	4
asaMkara	209205	aśāṃkara	relaxed	1
asaMprajanya	170946	asamprajanya	relaxed	4
asaNgata	171214	asaṅgatā	relaxed	1
asamaYjas	176434	asāmañjas	relaxed	1
asamanta	212047	asāmanta	relaxed	1
asampfkta	175002	asaṃpṛkta	relaxed	3
asfgdara	203831	āsṛgdara	relaxed	1
astanA	173886	astana	relaxed	2
astu	216292	āstu	relaxed	2
asvArTa	176654	asvartha	relaxed	1
asvagatA	222378	asvagata	relaxed	1
asvarUpa	225267	aśvarūpa	relaxed	1
atISa	219352	atisā	relaxed	1
atfzRa	200687	atṛṣṇā	relaxed	2
atiN	215386	atīṇ	relaxed	1
atibIja	174066	atibījā	relaxed	1
aticaraRa	207001	aticaraṇā	relaxed	1
atikfzRa	216954	atikṛṣṇā	relaxed	1
atikrAntaBAvanIya	175505	atikrāntābhāvanīya	relaxed	1
atikrama	225793	atikrāma	relaxed	1
atiparI	157389	atipari	relaxed	1
atipraSru	201799	atiprasru	relaxed	3
atirAtra	216058	atīrātra	relaxed	1
atirUpa	215220	atirūpā	relaxed	1
atisravA	202420	atisrava	relaxed	4
attf	226511	āttṛ	relaxed	1
atyaH	209509	atyah	relaxed	1
atyaSana	7109	atyāśana	relaxed	2
atyupaDa	225120	atyupadhā	relaxed	1
atyupasevanA	199750	atyupasevana	relaxed	1
av	213593	āv	relaxed	1
avAkza	222384	avakṣā	relaxed	6
avAkza	222679	avakśā	relaxed	3
avArj	225580	avarj	relaxed	1
avIkASa	211027	avikāsa	relaxed	1
avaBAs	199146	avabhāṣ	relaxed	2
avaDUta	167475	avadhūtā	relaxed	1
avaDya	159538	avadhyā	relaxed	8
avaSyamBAvitva	169697	avaśyaṃbhāvitva	relaxed	1
avaca	212725	avāca	relaxed	1
avadF	159529	avadṛ	relaxed	28
avagF	159466	avagṛ	relaxed	2
avagF	214582	avagṛ	relaxed	1
avakzip	212878	avākṣip	relaxed	2
avalokana	54566	avalokanā	relaxed	1
avamya	172724	avāmya	relaxed	1
avanDya	211365	avandhyā	relaxed	1
avastF	159655	avastṛ	relaxed	42
avatF	159517	avatṛ	relaxed	584
avatsAra	220179	āvatsara	relaxed	1
avavad	225899	avāvad	relaxed	1
avazaNga	219874	avasaṅga	relaxed	1
avekz	202200	āvekṣ	relaxed	1
avekzA	221473	avekṣa	relaxed	4
aves	221658	aveṣ	relaxed	1
aviSramBa	214619	avisrambha	relaxed	1
avicCinnaM	206843	avicchinnam	relaxed	8
avikANkzA	214662	avikāṅkṣa	relaxed	1
avirAma	199365	avirama	relaxed	1
avisaraRA	202548	avisaraṇa	relaxed	1
avyADya	202526	avyadhya	relaxed	6
avyaBicarita	211919	avyabhicārita	relaxed	1
avyaktalakzaRa	209568	avyaktalakṣaṇā	relaxed	1
ay	213592	āy	relaxed	1
ayAcyamAnA	199670	ayācyamāna	relaxed	1
ayAcyamAnA	212238	ayācyāmāna	relaxed	1
ayAni	215216	āyanī	relaxed	2
ayaskAnta	222040	āyaskānta	relaxed	1
ayavat	210044	ayāvat	relaxed	2
azwAdaSa	203629	aṣṭadaśa	relaxed	1
azwAviMSati	165706	aṣṭaviṃśati	relaxed	8
bAlaBadraka	213690	balabhadraka	relaxed	2
bAnDava	223820	bandhava	relaxed	2
baDira	209338	badhirā	relaxed	1
bahizkAra	168781	bahiṣkara	relaxed	1
bahujAta	167238	bāhujāta	relaxed	1
bahukaRwA	166928	bahukaṇṭa	relaxed	1
bahukzama	210889	bahukṣamā	relaxed	1
bahumAnya	210039	bāhumānya	relaxed	3
balAQya	165914	balāḍhyā	relaxed	1
balAbala	208658	balābalā	relaxed	1
baqi	204153	bādi	relaxed	1
barbarIka	169150	barbarikā	relaxed	1
barbarIka	207626	barbarika	relaxed	1
barhAy	157531	barhay	relaxed	6
barhiSiKa	166051	barhiśikhā	relaxed	3
barhicUqA	207664	barhicūḍa	relaxed	1
bfhadbala	205935	bṛhadbalā	relaxed	2
bfhadgarBa	209586	bṛhadgarbhā	relaxed	1
bidAlikA	210915	biḍālikā	relaxed	2
bilaSAyin	174939	bilāśayin	relaxed	1
binduka	209258	bindukā	relaxed	1
bindukita	174952	bindukīṭa	relaxed	2
boDa	213169	bodhā	relaxed	1
brAhmaRAcCaMsya	225585	brāhmaṇācchaṃsyā	relaxed	1
brahmAyus	220316	brāhmāyus	relaxed	1
brahmaja	175126	brahmajā	relaxed	2
brahmakARqa	168447	brāhmakanda	relaxed	1
brahmasoma	175941	brahmasomā	relaxed	4
buka	205566	būka	relaxed	2
bula	224079	bulā	relaxed	2
cARqAlikASrama	217214	caṇḍālikāśrama	relaxed	1
cAruka	207920	carukā	relaxed	2
cArutA	166240	cāruṭā	relaxed	1
cAtakAy	205112	caṭakāy	relaxed	1
cAtuHzazwika	209085	catuḥṣaṣṭika	relaxed	1
cAturDAkAraRika	225819	cāturdhākaraṇika	relaxed	1
cAturhotriya	225215	cāturhotrīya	relaxed	1
cEkkasa	223380	caikkaśa	relaxed	1
cEtra	166545	caitrā	relaxed	6
cInAkarkawI	167657	cīnakarkaṭī	relaxed	1
cIqA	206089	cīḍa	relaxed	1
cIqA	211278	ciḍā	relaxed	1
cIrapattrikA	165980	cirapattrikā	relaxed	1
cIrin	217532	cirin	relaxed	1
cOla	170563	caulā	relaxed	1
caRqavikrama	209642	caṇḍavikramā	relaxed	1
cakAs	218796	cākaś	relaxed	12
calAy	159482	calay	relaxed	11
calAy	159483	cālay	relaxed	152
caluka	199270	cāluka	relaxed	1
camI	216516	cami	relaxed	1
candrarAja	205873	candrāraja	relaxed	1
candrasena	216676	candrasenā	relaxed	7
cap	215688	cāp	relaxed	1
carAcara	204775	carācarā	relaxed	1
carawa	199412	cāratā	relaxed	1
carcAy	156250	carcay	relaxed	36
caturvarga	168540	cāturvarga	relaxed	1
caturviDa	168398	cāturvidha	relaxed	1
caturviMSa	209569	caturviṃśā	relaxed	2
caturyuga	207927	cāturyuga	relaxed	1
catuzpAwI	217814	catuṣpati	relaxed	1
cavyaPala	166413	cavyaphalā	relaxed	1
cawikA	175022	cātikā	relaxed	7
cazaka	171401	cāṣaka	relaxed	1
cetAy	167537	cetay	relaxed	89
citrabarha	216968	citrabarhā	relaxed	1
citravarRa	203304	citravarṇā	relaxed	1
citta	173985	ciṭṭa	relaxed	1
corAy	156260	coray	relaxed	19
coza	209281	coṣā	relaxed	1
cullaka	173781	cullakā	relaxed	7
culukI	220805	culūkī	relaxed	1
dASamUlika	205802	daśamūlika	relaxed	1
dArSapUrRamAsika	225142	darśapūrṇamāsika	relaxed	1
dAsamIya	216879	dāśamīya	relaxed	1
dAtf	215950	datṛ	relaxed	1
dAti	213221	ḍati	relaxed	4
dAyI	215522	dayi	relaxed	1
dIkzaka	212054	dīkṣāka	relaxed	2
dIpya	166562	dīpyā	relaxed	4
dIrGapAda	174772	dīrghapādā	relaxed	1
dIrGarUpa	174770	dīrgharūpā	relaxed	1
dULaBa	86012	dūlabha	relaxed	1
dUrAntara	218154	durantara	relaxed	1
daMSa	223228	dāṃsa	relaxed	2
daRqaH	202850	dandah	relaxed	4
daSapAdI	218045	daśapadī	relaxed	2
dadAti	226068	dadati	relaxed	1
dakziRAvarta	210899	dakṣiṇāvartā	relaxed	2
dakziRakAlikA	175341	dakṣiṇākālikā	relaxed	1
dal	174566	dāl	relaxed	1
damAy	159409	damay	relaxed	29
darvIkara	203268	dārvīkara	relaxed	1
devadAlI	166830	devadāli	relaxed	4
devarAma	198856	devarāmā	relaxed	1
devaviSA	223988	devaviśa	relaxed	2
dfzwiviza	223183	dṛṣṭīviṣa	relaxed	2
diRqi	207981	ḍiṇḍi	relaxed	2
diRqin	211966	ḍiṇḍin	relaxed	1
dolAy	174247	dolay	relaxed	3
dolAy	221767	ḍolay	relaxed	1
dos	213816	doṣ	relaxed	1
drAvikA	172475	drāvika	relaxed	1
draQika	167090	drāḍhikā	relaxed	1
dram	169246	drāṃ	relaxed	9
dram	169562	draṃ	relaxed	5
dravay	161221	drāvay	relaxed	308
draviRavat	224869	draviṇāvat	relaxed	1
duHzvapnya	224159	duḥsvapnya	relaxed	2
duScAritra	168805	duścaritra	relaxed	2
duScara	208757	duścāra	relaxed	1
dugDa	205746	dugdhā	relaxed	1
durRaSa	205976	durnāsa	relaxed	1
durakza	211532	dūrakṣa	relaxed	1
durduhA	85538	durduha	relaxed	3
durgama	198590	durgamā	relaxed	1
durganDa	168976	durgandhā	relaxed	4
durgraha	167642	durgrāha	relaxed	1
durleKa	210951	durlekhā	relaxed	1
durmantraRA	201050	durmantraṇa	relaxed	1
duruttara	171828	duruttāra	relaxed	2
durvaca	214585	durvāca	relaxed	1
durvacaka	209135	durvācaka	relaxed	1
durvaha	166134	durvāha	relaxed	1
durvizahya	171926	durvisahya	relaxed	1
duzparihara	209202	duṣparihāra	relaxed	1
dvIpaKarjurI	166879	dvīpakharjūrī	relaxed	1
dvipeSvara	208275	dvīpeśvara	relaxed	6
dvistAvA	225264	dvistāva	relaxed	2
dvistanA	225421	dviṣṭana	relaxed	2
dyAvApfTivIya	220553	dyāvāpṛthivīyā	relaxed	5
dyotana	224234	dyotāna	relaxed	1
dyutilA	200720	dyutila	relaxed	1
ekAdaSaviDa	198975	ekādaśāvidha	relaxed	1
ekAdaSikA	209416	ekādaśika	relaxed	2
ekAdaSini	39509	ekādaśinī	relaxed	39
ekAkzara	217117	ekākṣarā	relaxed	3
ekEzikA	205908	ekaiṣīkā	relaxed	2
ekayama	204872	ekāyāma	relaxed	2
elAyati	216315	elayati	relaxed	1
etAvat	223919	etavat	relaxed	1
etat	220723	etāt	relaxed	1
ez	215660	eś	relaxed	1
ftavat	223503	ṛtāvat	relaxed	2
ftucaryA	175442	ṛtucarya	relaxed	1
ftuzWAyajYAyajYIya	224989	ṛtusthāyajñāyajñiya	relaxed	1
fzidatta	211894	ṛṣidattā	relaxed	22
gAnDAraka	218564	gandhāraka	relaxed	1
gAnDArikA	165820	gandhārikā	relaxed	1
gAnDinI	130068	gandhinī	relaxed	1
gArtaka	176195	gartaka	relaxed	15
gOlya	166123	gaulyā	relaxed	1
gOpAlAyana	221600	gaupalāyana	relaxed	1
gOqIya	176761	gauḍīyā	relaxed	4
gOrila	169519	gaurilā	relaxed	1
gUQaPala	163693	gūḍhaphalā	relaxed	1
gaRADyakza	209341	gaṇādhyakṣā	relaxed	1
gaRatva	223285	gaṇatvā	relaxed	1
gaReSvara	204393	gāṇeśvara	relaxed	2
gahanezWa	222685	gahaneṣṭhā	relaxed	1
gajaBakzyA	166320	gajabhakṣya	relaxed	1
galAnta	221046	galanta	relaxed	1
galagraha	174786	galagrāha	relaxed	1
gamBArI	175349	gāmbhārī	relaxed	2
gamita	172596	gamitā	relaxed	1
ganDAlA	175088	gandhāla	relaxed	1
ganDakusumA	210466	gandhakusuma	relaxed	1
ganDamAlya	174428	gandhamālyā	relaxed	2
garBaDarA	174644	garbhādhāra	relaxed	1
gayin	226357	gāyin	relaxed	1
gfDravaktrA	217076	gṛdhravaktra	relaxed	1
girizWA	211581	giriṣṭha	relaxed	1
glapay	170781	glāpay	relaxed	4
godAna	207322	godana	relaxed	1
gom	214029	goṃ	relaxed	2
gomUtrikA	217126	gomūtrika	relaxed	1
gopuwA	166132	gopuṭa	relaxed	2
goramBa	176334	gorambhā	relaxed	8
gorocanA	169268	gorocana	relaxed	6
grAhavat	223946	grahavat	relaxed	1
grAhin	209172	grahin	relaxed	2
grAmasUkara	174731	grāmaśūkara	relaxed	1
grIzmasundara	173512	grīṣmasundarā	relaxed	5
grasana	174258	grāsana	relaxed	1
guRAvarA	226413	guṇavarā	relaxed	21
guRikf	171162	guṇīkṛ	relaxed	18
guggulu	219968	guggulū	relaxed	1
gulgulu	220703	gulgulū	relaxed	1
gurUkf	220129	gurukṛ	relaxed	105
guruDI	176607	gurudhi	relaxed	1
hAlinI	109258	halinī	relaxed	11
hAnumata	208136	hanūmata	relaxed	1
hOtASani	209326	hautāśanī	relaxed	1
haMsaka	212810	haṃsakā	relaxed	1
haladIkA	211254	haladikā	relaxed	1
halahalaka	169187	hālāhalaka	relaxed	1
halin	208765	hālin	relaxed	1
harapura	208945	hārapura	relaxed	1
hariSara	168813	harisārā	relaxed	1
haridrika	166644	haridrikā	relaxed	1
haritAla	201305	haritālā	relaxed	2
harza	215801	harṣā	relaxed	1
hasinI	109472	hāsinī	relaxed	1
him	169188	hīṃ	relaxed	27
hlAda	207768	hlādā	relaxed	1
hrAm	169221	hrāṃ	relaxed	37
hrAm	169850	hraṃ	relaxed	10
hrAsi	210927	hrāsī	relaxed	1
hrIm	168149	hrīṃ	relaxed	212
hrOm	170512	hrauṃ	relaxed	9
hrasvANga	168997	hrasvāṅgā	relaxed	1
huMkArI	169897	hūṃkārī	relaxed	1
hvAya	166462	hvaya	relaxed	17
iDra	224629	īdhra	relaxed	1
idaMpratyaya	220045	idampratyaya	relaxed	1
ikzuka	211938	ikṣukā	relaxed	1
ikzura	169131	ikṣurā	relaxed	3
indUra	200101	indura	relaxed	1
indrAhva	175175	indrāhvā	relaxed	3
indrayava	166258	indrayavā	relaxed	3
itvara	63214	itvarā	relaxed	1
iyas	213859	īyas	relaxed	3
izya	222912	iṣyā	relaxed	1
jAgarikA	211775	jāgarika	relaxed	1
jAgf	214972	jāgr	relaxed	1
jAlapadI	218448	jalapadī	relaxed	1
jAray	161081	jaray	relaxed	49
jAsi	214814	jasi	relaxed	2
jAtUkarRya	88689	jātukarṇya	relaxed	3
jAtodaka	208535	jaṭodakā	relaxed	1
jAwAsuri	212701	jaṭāsuri	relaxed	3
jAyampatI	88810	jāyampati	relaxed	1
jIvI	213267	jīvi	relaxed	1
jYAtADarmakaTA	218648	jñātadharmakathā	relaxed	1
jagatIpati	201647	jagatipati	relaxed	1
jalAnila	205249	jalanīla	relaxed	4
jalaDisamBava	168244	jaladhisambhavā	relaxed	1
jalaPala	206063	jālaphalā	relaxed	1
jalaSayana	174103	jalaśāyana	relaxed	1
jalabindujA	174273	jālabindujā	relaxed	1
jalajAta	174431	jalajātā	relaxed	1
jalaruha	174430	jalaruhā	relaxed	1
jalasrAva	206398	jalāsrava	relaxed	1
jambukeSa	208898	jambūkeśa	relaxed	1
jambumAlin	202210	jambūmālin	relaxed	2
janIsuta	208137	janisuta	relaxed	1
janakanandinI	87540	janakanandini	relaxed	5
janitra	224886	jānitra	relaxed	1
janizWa	167274	janiṣṭhā	relaxed	1
japyeSvara	212218	jāpyeśvara	relaxed	1
jarayitf	224878	jarāyitṛ	relaxed	1
jarjarIka	217097	jarjarikā	relaxed	1
jatumuKa	167252	jatūmukha	relaxed	1
jfmBaka	205507	jṛmbhakā	relaxed	1
jihvAvant	217417	jīhvāvant	relaxed	2
jivri	223677	jīvrī	relaxed	1
jvalinI	95469	jvālinī	relaxed	18
jyezWAmalaka	166159	jyeṣṭhāmālaka	relaxed	1
jyotA	223067	jyota	relaxed	3
kAMsyamakzika	203460	kāṃsyamākṣika	relaxed	1
kAReri	169507	kānerī	relaxed	1
kAReri	169508	kaṇerī	relaxed	1
kARqviya	221588	kāṇḍvīya	relaxed	1
kAYcanakzIrI	202710	kāñcanaksīrī	relaxed	1
kAYcanikA	222100	kāñcanika	relaxed	1
kAcCika	198624	kācchīka	relaxed	1
kAkAkzi	211389	kākākṣī	relaxed	1
kAkadanti	206071	kākadantī	relaxed	1
kAkajaNGA	209803	kākajaṅgha	relaxed	1
kAkapIluka	206268	kākapīlukā	relaxed	1
kAkapada	210528	kākapāda	relaxed	1
kAkatuRqa	165785	kākatuṇḍā	relaxed	4
kAkuvAc	174750	kakuvāc	relaxed	1
kAlAYjana	218523	kālañjana	relaxed	1
kAlAtIta	209596	kalātītā	relaxed	1
kAlamAla	172693	kālamālā	relaxed	1
kAlavaktra	170505	kālavaktrā	relaxed	1
kAleyaka	211257	kāleyakā	relaxed	1
kAmAnaSana	207315	kāmanāśana	relaxed	5
kAmAyanI	225158	kāmāyānī	relaxed	1
kAntArI	173608	kaṇṭārī	relaxed	3
kAntika	217024	kāntīka	relaxed	1
kApiYjali	209801	kapiñjali	relaxed	1
kApilavastava	176674	kāpilavāstava	relaxed	5
kAraRqava	226108	kāraṇḍavā	relaxed	1
kAraskara	225202	karaskara	relaxed	3
kArmArika	211137	kārmārikā	relaxed	1
kArmaRa	224504	karmaṇa	relaxed	1
kAvazeya	222658	kāvaśeya	relaxed	1
kAvyAlaMkAra	226465	kāvyālaṃkārā	relaxed	5
kAzWIrasa	166751	kāṣṭhīrasā	relaxed	1
kAzWoqumbarikA	173276	kāṣṭhodumbarikā	relaxed	12
kIrtisena	226277	kīrtisenā	relaxed	28
kOYji	167223	kauñjī	relaxed	1
kOlIni	216721	kaulinī	relaxed	1
kOlawera	134019	kaulaṭerā	relaxed	1
kOlaweya	218317	kaulateya	relaxed	2
kUrcAmuKa	217175	kūrcamukha	relaxed	1
kUwaraRa	168884	kuṭaraṇā	relaxed	2
kaPelU	210669	kaphelu	relaxed	1
kaRqAnaka	208815	kaṇḍanaka	relaxed	1
kaRwakAQya	210501	kaṇṭakāḍhyā	relaxed	1
kaRwala	170422	kaṇṭāla	relaxed	1
kaWara	166042	kātharā	relaxed	3
kaWilla	206074	kaṭhillā	relaxed	1
kacCuGnI	165936	kacchūghnī	relaxed	2
kajjalI	173520	kajjali	relaxed	1
kakKawa	484	kakkhaṭā	relaxed	1
kalAtattva	168470	kālatattva	relaxed	1
kalaBavallaBa	175109	kalabhavallabhā	relaxed	1
kalaMjaya	213691	kālaṃjaya	relaxed	1
kalaMjaya	214118	kālaṃjaya	relaxed	2
kalahAy	209109	kalahay	relaxed	4
kalinI	22912	kālinī	relaxed	4
kalipriya	209621	kalipriyā	relaxed	1
kalmAzI	165878	kālmāṣī	relaxed	1
kalpAy	156177	kalpay	relaxed	1092
kamalAsana	209271	kamalāsanā	relaxed	1
kamalaka	208763	kāmalaka	relaxed	1
kambalI	172543	kambali	relaxed	1
kampAy	157859	kampay	relaxed	143
kandalikA	222116	kandalīka	relaxed	1
kandavallI	173543	kāṇḍavallī	relaxed	1
kandodBavA	168744	kāṇḍodbhavā	relaxed	1
kaparda	209270	kapardā	relaxed	1
kapilavastu	210038	kapilavāstu	relaxed	5
kapirasAQyA	166969	kapirasāḍhya	relaxed	1
karAlI	170378	kāralī	relaxed	1
karIkf	219603	karikṛ	relaxed	9
karIzAgni	175194	kariṣāgni	relaxed	1
karaBI	168720	kārabhī	relaxed	1
karaRqaka	200838	kāraṇḍaka	relaxed	1
karaYjaka	176503	kārañjaka	relaxed	1
karadI	201964	kāraḍi	relaxed	1
karakawa	174729	kārakatā	relaxed	1
karanTa	217019	karaṇṭha	relaxed	1
karasi	205008	karasī	relaxed	1
karavIrAkara	172123	karavīrakara	relaxed	1
kariBa	174080	karībha	relaxed	1
karitva	167932	kāritva	relaxed	11
karmaRi	206196	karmaṇī	relaxed	1
karmaka	210491	kārmaka	relaxed	1
karpara	207345	kārpara	relaxed	1
kavapaTa	226484	kavāpatha	relaxed	1
kavyavAhana	225854	kāvyavāhana	relaxed	1
kayAnIya	224668	kayānīyā	relaxed	2
kazAyaka	213596	kāṣāyaka	relaxed	1
keSamuzwika	163695	keśamuṣṭikā	relaxed	1
keSawa	202461	keśatā	relaxed	1
kelAy	221733	kelay	relaxed	1
kelika	216577	kelikā	relaxed	2
kembuka	173713	kembūka	relaxed	1
kerala	209815	keralā	relaxed	2
ketana	208632	ketanā	relaxed	3
kevikA	166442	kevika	relaxed	1
kfSalaka	220280	kṛśālaka	relaxed	1
kfzRAkza	215745	kṛṣṇākṣā	relaxed	2
kfzRAmftamahArRava	215159	kṛṣṇāmṛtamaharṇava	relaxed	1
kfzRabIja	206061	kṛṣṇabījā	relaxed	2
kfzRajIra	168717	kṛṣṇajīrā	relaxed	2
kfzRikA	207823	kṛṣṇika	relaxed	1
kfzwi	173654	kṛṣṭī	relaxed	26
kiYculuka	206528	kiñculūka	relaxed	1
kimpala	222008	kiṃpala	relaxed	1
kimpuruzIkf	206767	kiṃpuruṣīkṛ	relaxed	1
klam	169342	klāṃ	relaxed	1
koSaDAnya	174567	koṣadhānya	relaxed	1
kokilapriya	168834	kokilapriyā	relaxed	1
konAka	173617	koṇaka	relaxed	4
kopAy	161642	kopay	relaxed	100
kowikAsya	199598	koṭikāśya	relaxed	9
kowitIrTa	207023	koṭītīrtha	relaxed	1
kowitama	220423	koṭītama	relaxed	10
krA	214699	kra	relaxed	1
krEqinIyA	225099	kraiḍinīya	relaxed	1
krILi	133926	krīli	relaxed	1
krOYcapadA	175881	krauñcapāda	relaxed	7
krOYcapadI	217212	krauñcapādī	relaxed	1
krOYcika	173370	krauñcikā	relaxed	14
krOqi	167873	krauḍī	relaxed	1
kraT	170933	krāth	relaxed	1
kram	203939	krāṃ	relaxed	2
kramaka	166759	krāmaka	relaxed	27
kramaka	203781	krāmaka	relaxed	3
kramuka	201832	krāmuka	relaxed	1
kuNkuma	174435	kuṅkumā	relaxed	1
kuRqana	217047	kundana	relaxed	1
kuSaya	225584	kusaya	relaxed	1
kubjapuzpa	173839	kubjapuṣpā	relaxed	1
kucEla	207321	kucailā	relaxed	2
kucara	216957	kucarā	relaxed	1
kudumbarI	204471	kuḍumbarī	relaxed	1
kukkusa	216975	kukkuśa	relaxed	1
kukuna	206386	kukūṇa	relaxed	2
kukura	198824	kūkura	relaxed	1
kulAhala	163694	kulahala	relaxed	4
kulava	210567	kulāva	relaxed	1
kulay	159431	kūlay	relaxed	2
kumArahArita	217398	kumāraharita	relaxed	2
kundapuzpa	168188	kuṇḍapuṣpa	relaxed	1
kupuruza	212828	kupūruṣa	relaxed	1
kurakA	211352	kuraka	relaxed	2
kurutAvi	221942	kuruṭāvi	relaxed	1
kuruvinda	163712	kuruvindā	relaxed	1
kusuta	213885	kusūta	relaxed	1
kutTa	201675	kutthā	relaxed	1
kuwala	204395	kutala	relaxed	1
kuwapinI	166615	kūṭapinī	relaxed	1
kuwilI	220809	kutilī	relaxed	1
kuwumba	166392	kutumbā	relaxed	1
kuwumbaka	169122	kutumbaka	relaxed	5
kuwumbika	166391	kutumbikā	relaxed	2
kuwwI	226343	kuṭṭi	relaxed	1
kuwwIra	166108	kuṭṭira	relaxed	1
kvaTana	222015	kvāthana	relaxed	1
kzApay	167097	kṣapay	relaxed	161
kzIRatarA	204112	kṣīṇatara	relaxed	3
kzIrakARqaka	170945	kṣīrakandaka	relaxed	9
kzIravaha	209000	kṣīravahā	relaxed	1
kzIyati	226093	kṣiyati	relaxed	1
kzarin	223956	kṣārin	relaxed	2
kzudrAmlA	176243	kṣudrāmla	relaxed	1
kzudraka	169137	kṣudrakā	relaxed	1
kzudrakaRwArikA	169043	kṣudrakaṇṭarikā	relaxed	1
kzudrapattrA	166557	kṣudrapattra	relaxed	2
kzudrataRqula	207792	kṣudrataṇḍulā	relaxed	1
kzuraka	205493	kṣūraka	relaxed	1
kzutkarI	205061	kṣutkārī	relaxed	1
lANgUlin	166058	lāṅgulin	relaxed	1
lAkzaRika	202245	lakṣaṇika	relaxed	2
lAlavat	206716	lālāvat	relaxed	1
lIna	209295	līnā	relaxed	1
lIyanA	214370	līyana	relaxed	1
lUna	201306	luṇa	relaxed	3
lajjAy	159186	lajjay	relaxed	4
lakula	212185	lākula	relaxed	1
lalAwya	217174	lālāṭya	relaxed	1
lalajjihva	165923	lalajjihvā	relaxed	1
lalalla	219329	lalallā	relaxed	1
lavaRay	204273	lavaṇāy	relaxed	1
lawvAkA	220814	laṭvāka	relaxed	1
lawwa	173683	laṭṭā	relaxed	2
layakAla	212042	layākala	relaxed	1
leKAy	158443	lekhay	relaxed	30
lipsita	205508	lipsitā	relaxed	1
loBa	222045	lobhā	relaxed	1
loBanIya	205684	lobhanīyā	relaxed	3
lohari	207281	lohāri	relaxed	1
lohitakzaya	206647	lohitakṣayā	relaxed	1
loqa	166246	loḍā	relaxed	1
mADavasena	211460	mādhavasenā	relaxed	1
mAMsala	203981	māṃsalā	relaxed	1
mAMsalaPalA	168612	māṃsalaphala	relaxed	1
mAYjizWI	223341	mañjiṣṭhī	relaxed	1
mAcikA	206661	mācīka	relaxed	3
mAhAtmika	170045	mahātmika	relaxed	1
mAheya	225255	maheya	relaxed	1
mAkanda	219841	makanda	relaxed	1
mAlawa	173025	malatā	relaxed	1
mAnTAla	210010	manthāla	relaxed	1
mAnin	215457	manin	relaxed	1
mAqAdruma	166339	māḍadruma	relaxed	1
mArkawika	204047	markaṭikā	relaxed	2
mArutApaha	210952	mārutāpahā	relaxed	1
mAtaMgaka	170239	mataṃgaka	relaxed	1
mAtftIrTa	208053	matṛtīrtha	relaxed	1
mAtsarya	174928	matsarya	relaxed	1
mAtu	213708	matu	relaxed	15
mAyAtantra	218041	mayatantra	relaxed	1
mAyika	212879	mayikā	relaxed	2
mInapucCa	210635	mīnapucchā	relaxed	1
mOkali	172422	maukalī	relaxed	1
mOzwA	203774	mausta	relaxed	3
mOzwika	201453	maustika	relaxed	1
mUtrAsAda	204786	mūtrasāda	relaxed	2
mUzAkarRI	177047	mūṣakarṇī	relaxed	2
maDUzita	174535	madhusitā	relaxed	1
maDudrava	204011	madhudravā	relaxed	3
maDumakzikA	206158	madhumākṣika	relaxed	1
maDyamezA	209755	madhyameśa	relaxed	3
maNgalASAstra	218390	māṅgalaśāstra	relaxed	1
maNgalyaka	174015	māṅgalyaka	relaxed	1
maRIcaka	208555	māṇīcaka	relaxed	1
maRikundala	217110	maṇikuṇḍalā	relaxed	1
maRqIlaka	221486	maṇḍilaka	relaxed	7
maRqala	27080	maṇḍalā	relaxed	1
maYjizWAmeha	204808	māñjiṣṭhameha	relaxed	3
maYjizWAmehin	207287	māñjiṣṭhamehin	relaxed	1
madAvat	217394	madavat	relaxed	6
madamattA	166289	madamatta	relaxed	1
madavIrya	168815	madavīryā	relaxed	1
mahABaya	169323	mahābhayā	relaxed	1
mahASyAmA	206218	mahāśyāma	relaxed	1
mahAdaRqa	165929	mahādaṇḍā	relaxed	1
mahAdroRA	169113	mahādroṇa	relaxed	1
mahAgarBa	209564	mahāgarbhā	relaxed	1
mahAkoSa	211290	mahākoṣā	relaxed	1
mahApUta	173451	mahāpuṭa	relaxed	17
mahArRava	204589	mahārṇavā	relaxed	1
mahAramBa	168967	mahārambhā	relaxed	1
mahAsuDA	207238	mahāsudha	relaxed	1
mahAtejas	172847	mahatejas	relaxed	1
mahAvfza	223514	māhāvṛṣa	relaxed	3
mahattarikA	209114	mahattarika	relaxed	1
mahenadi	222754	mahenadī	relaxed	1
mahidatta	223935	mahīdatta	relaxed	1
mahotpala	175641	mahotpalā	relaxed	2
majjAmeha	207288	majjameha	relaxed	2
majjAsAra	168734	majjasāra	relaxed	2
majjUka	224369	majjukā	relaxed	1
maliha	224107	malihā	relaxed	2
malinI	79507	mālinī	relaxed	48
manAy	157957	mānay	relaxed	329
manTAnikA	217109	manthanikā	relaxed	1
manaskAra	209782	manaskara	relaxed	1
mandAcAra	225733	maṇḍacara	relaxed	1
mandodarI	217104	maṇḍodarī	relaxed	1
mantA	167442	mānta	relaxed	2
marda	207387	mārda	relaxed	3
marmarIka	37183	marmarikā	relaxed	2
marqitf	212501	marditṛ	relaxed	1
mat	215868	maṭ	relaxed	1
mataMginI	168443	mātaṃginī	relaxed	4
matsyaRqI	204094	matsyāṇḍī	relaxed	1
mattAkrIqA	221643	mattākrīḍa	relaxed	1
meGAnandA	175136	meghānanda	relaxed	1
meGa	208635	meghā	relaxed	1
meTizWa	224335	methiṣṭhā	relaxed	1
melaka	204479	melakā	relaxed	1
menAjA	209016	menajā	relaxed	1
mfduPala	168751	mṛduphalā	relaxed	1
mfdusArA	166341	mṛdusāra	relaxed	1
mfgANka	209652	mṛgāṅkā	relaxed	1
mfgaripu	218251	mṛgāripu	relaxed	1
mfgya	198896	mṛgyā	relaxed	1
mfta	207180	mṛtā	relaxed	1
mftyupuzpa	210880	mṛtyupuṣpā	relaxed	1
miSraRa	201717	miśraṇā	relaxed	1
miSraka	215114	miśrakā	relaxed	5
mlapay	203059	mlāpay	relaxed	5
modaka	209780	modāka	relaxed	1
muKapriya	173957	mukhapriyā	relaxed	1
muKeBagA	212685	mukhebhaga	relaxed	1
muRqIrI	205666	muṇḍirī	relaxed	1
muktabanDa	170894	muktabandhā	relaxed	1
mumUrzA	174994	mumūrṣa	relaxed	1
mumUrzu	174233	mumurṣu	relaxed	1
municCada	174656	municchadā	relaxed	2
munika	206257	munikā	relaxed	1
munipriya	174441	munipriyā	relaxed	1
muralikA	226113	muralīkā	relaxed	1
mutava	225859	mūtava	relaxed	1
nATAy	216021	nāthay	relaxed	1
nAdavat	224656	nadavat	relaxed	1
nAgaDanvan	217957	nagadhanvan	relaxed	1
nAnAjana	225951	nānājāna	relaxed	1
nAyin	217281	nayin	relaxed	1
nEHsvaBAvya	213181	naiḥsvābhāvya	relaxed	2
nIliH	221286	nilih	relaxed	1
nIrada	214525	nirādā	relaxed	2
nIruj	174988	niruj	relaxed	1
nIruj	203098	niruj	relaxed	2
naGAriza	221803	naghāriṣā	relaxed	2
naKacCedya	175182	nakhacchedyā	relaxed	1
naSAy	161226	nāśay	relaxed	446
naY	215848	nāñ	relaxed	1
nagaBU	166086	nāgabhū	relaxed	1
nagakarRI	172471	nāgakarṇī	relaxed	2
nagnaMBAvuka	220661	nagnambhāvuka	relaxed	4
nahi	171719	nāhī	relaxed	2
nakzatriya	220950	nakṣatriyā	relaxed	1
nakzatriya	223608	nakṣatrīya	relaxed	1
nalin	208679	nālin	relaxed	1
namAya	217181	nāmaya	relaxed	1
namaskArI	163725	namaskarī	relaxed	2
naqaka	217842	nādaka	relaxed	1
naradeva	169506	nāradeva	relaxed	1
natodara	174607	natodarā	relaxed	1
navAkzara	204461	navakṣāra	relaxed	1
nazwapizwI	176838	naṣṭapiṣṭi	relaxed	6
nfpa	171249	nṛpā	relaxed	4
nfpamANgalyaka	165998	nṛpamaṅgalyaka	relaxed	1
niDi	222715	nidhī	relaxed	6
niGAta	207260	nighaṭa	relaxed	1
niHsyanda	171816	niḥṣyanda	relaxed	15
niHzWiv	176803	niḥṣṭhīv	relaxed	11
niSAcarI	168866	niśācārī	relaxed	1
niSF	161492	niśṛ	relaxed	1
niSF	207806	nisṛ	relaxed	7
niSvAsAy	224618	niśvāsay	relaxed	1
nicira	216949	nicīrā	relaxed	1
nigF	161273	nigṛ	relaxed	30
nikazAy	222138	nikaṣay	relaxed	1
nikazaRa	223423	nikāśana	relaxed	1
nimF	224506	nimṛ	relaxed	1
nimIlA	204051	nimīla	relaxed	1
nimbUka	171732	nimbuka	relaxed	55
nimbUka	201309	nimbuka	relaxed	4
nimbaka	206024	nimbakā	relaxed	1
nimnagA	172933	nimnaga	relaxed	1
ninI	215369	ṇini	relaxed	5
nipF	161316	nipṛ	relaxed	10
nipu	219399	nipū	relaxed	2
nirASIstva	210051	nirāśīṣṭva	relaxed	1
nirAgAra	218057	niragāra	relaxed	1
nirAkAra	199940	nirākara	relaxed	1
nirAkarizRu	223714	nirākāriṣṇu	relaxed	1
nirAsTa	224363	nirāsthā	relaxed	1
nirAsu	200252	nirasu	relaxed	1
nirBara	176047	nirbhāra	relaxed	11
nirItika	217359	nirītīka	relaxed	1
nirJara	163688	nirjharā	relaxed	1
niras	222890	niraś	relaxed	1
nirastra	209071	nīrāṣṭra	relaxed	1
nirdF	222737	nirdṛ	relaxed	1
nirdara	209456	nirdāra	relaxed	1
nirgaqa	167113	nirgada	relaxed	5
nirgranTika	216729	nirgranthikā	relaxed	1
nirhAra	208156	nirhara	relaxed	1
nirhrAda	217913	nirhrādā	relaxed	1
nirjF	212798	nirjṛ	relaxed	3
nirjihIrzu	171641	nirjihīṛṣu	relaxed	1
nirmAra	218445	nirmara	relaxed	1
nirveSa	216710	nirveṣa	relaxed	2
nirveSa	224435	nirveṣa	relaxed	5
nityodita	209661	nityoditā	relaxed	1
nivIta	28097	nivītā	relaxed	1
niyAmaka	205572	niyamaka	relaxed	1
nizWAtva	167772	niṣṭhatva	relaxed	3
niziDa	210425	niṣīdha	relaxed	1
niziv	224727	niṣīv	relaxed	3
nizkAraRa	209874	niṣkaraṇa	relaxed	1
nizkAsana	176748	niṣkāśana	relaxed	1
nizkAsana	221881	niṣkasana	relaxed	2
nizkapawa	213187	niṣkapāṭa	relaxed	1
nizkf	211519	niṣkṝ	relaxed	5
nizparIhAra	202888	niṣparihāra	relaxed	2
nyaYc	212373	nyāñc	relaxed	92
nyasana	167460	nyāsana	relaxed	1
odarika	220320	odārika	relaxed	1
oha	217525	ohā	relaxed	2
ojaskAra	202471	ojaskara	relaxed	4
ozaDImat	213282	oṣadhimat	relaxed	2
ozwrA	217007	oṣṭra	relaxed	2
pAMsulavaRa	166850	pāṃśulavaṇa	relaxed	6
pARqukaraRa	203104	pāṇḍūkaraṇa	relaxed	1
pATaspati	222733	pathaspati	relaxed	1
pAdin	219554	padin	relaxed	3
pAlaNka	175117	palaṅka	relaxed	1
pAmAri	215171	pāmarī	relaxed	1
pAnIyAlu	167863	pāṇiyālu	relaxed	2
pApmA	225459	pāpma	relaxed	2
pArakya	206347	parakya	relaxed	1
pAramArTika	209565	pāramārthikā	relaxed	1
pAraskanda	226452	parāskanda	relaxed	1
pAriBAzika	206500	paribhāṣika	relaxed	1
pArikzepika	207606	parikṣepika	relaxed	1
pAripArSvaka	218598	paripārśvaka	relaxed	1
pArizatka	212660	pariṣaṭka	relaxed	1
pArizatka	223586	pariṣatka	relaxed	2
pArvatika	175742	pārvatikā	relaxed	1
pAryam	224591	paryam	relaxed	6
pIlaka	219091	pilaka	relaxed	1
pIqAy	158707	pīḍay	relaxed	893
pORqrika	222095	pauṇḍrikā	relaxed	1
pOrumadga	217497	paurūmadga	relaxed	5
pOrvAtiTa	225388	paurvatitha	relaxed	2
pUpa	176095	pūpā	relaxed	10
pUpalA	174559	pūpala	relaxed	1
pUraRI	163729	purāṇī	relaxed	1
pUrvAtiTi	225389	pūrvatithi	relaxed	2
pUrvaBAzin	170978	pūrvābhāṣin	relaxed	1
pUrvaSAstra	218157	pūrvaśastra	relaxed	1
pUtikIwa	207787	pūtikīṭā	relaxed	1
pUtipuzpa	210468	pūtipuṣpā	relaxed	1
paSuzWa	92763	paśuṣṭhā	relaxed	3
paSyata	174365	pāśyatā	relaxed	1
paYcANga	177048	pañcāṅgā	relaxed	1
paYcANgika	203995	pañcāṅgikā	relaxed	1
paYcASra	203980	pañcāsrā	relaxed	1
paYcaBUta	209611	pañcabhūtā	relaxed	1
paYcamahiza	205220	pañcamāhiṣa	relaxed	11
paYcarAjIPala	167874	pañcarājiphala	relaxed	1
padajAta	167237	pādajāta	relaxed	1
padmagarBa	209581	padmagarbhā	relaxed	1
padmaja	214000	padmajā	relaxed	1
padmapattra	174791	padmapattrā	relaxed	1
pahlava	218474	pāhlava	relaxed	1
palASAKya	166619	palāśākhyā	relaxed	2
palASikA	175137	palāśika	relaxed	2
palyay	224331	palyāy	relaxed	1
parADa	224575	parādhā	relaxed	1
parAKyA	175180	parākhya	relaxed	3
parAmfS	209418	parāmṛṣ	relaxed	3
parItya	218289	paritya	relaxed	1
parameSa	168116	pārameśa	relaxed	2
parameSa	218334	pārameśa	relaxed	1
parasaMcAraka	217016	parasaṃcaraka	relaxed	1
paratra	214455	pāratra	relaxed	1
paravaSa	207270	pāravasa	relaxed	2
pariBARqa	224479	parībhāṇḍa	relaxed	1
pariBAzaRa	223193	paribhāṣaṇā	relaxed	1
pariDisTa	209199	paridhiṣṭhā	relaxed	1
pariDvaMsa	224458	paridhvaṃsā	relaxed	1
pariGAtana	168505	parighaṭana	relaxed	1
pariKinna	168606	parīkhinna	relaxed	1
pariRata	225784	parīṇaṭa	relaxed	1
pariSri	204218	pariśrī	relaxed	1
paricCinna	175684	paricchinnā	relaxed	1
paridiv	162029	paridīv	relaxed	42
parigaRa	224916	parigāṇa	relaxed	1
parigrahin	202365	parigrāhin	relaxed	2
parijF	161699	parijṛ	relaxed	12
parikzepa	215749	parīkṣepa	relaxed	1
parimAd	217424	parimad	relaxed	1
parimAda	224036	pārimada	relaxed	1
parimitArTa	212277	parimitārthā	relaxed	2
paripF	162072	paripṛ	relaxed	203
paritApana	225206	paritapana	relaxed	1
paritozaka	219458	pāritoṣaka	relaxed	1
parivAdin	208464	parīvādin	relaxed	1
parivezaka	207506	pariveśaka	relaxed	1
parivf	200459	parīvṛ	relaxed	15
parivfktI	224091	parivṛkti	relaxed	2
parizeRa	216950	pāriṣeṇā	relaxed	1
pariziv	162203	pariṣīv	relaxed	4
parizvaNga	212533	parisvaṅga	relaxed	1
parpawaka	173715	pārpaṭaka	relaxed	1
paruzI	218130	pāruṣī	relaxed	1
parvaka	170674	pārvaka	relaxed	1
parvataka	209836	pārvataka	relaxed	1
paryavakF	162256	paryavakṛ	relaxed	3
parzatka	225240	pārṣatka	relaxed	1
patama	219272	pātama	relaxed	12
pattrorRa	222092	pattrorṇā	relaxed	1
pavat	224374	pāvat	relaxed	2
pavayitf	226488	pāvayitṛ	relaxed	1
payAy	157462	pāyay	relaxed	380
peSikA	205309	peṣikā	relaxed	1
pezIkf	173796	peśīkṛ	relaxed	2
pfSanI	224100	pṛṣanī	relaxed	1
pfdAku	220069	pṛdākū	relaxed	7
pfzWa	225575	pṛṣṭhā	relaxed	3
pfzWavAw	222818	pṛṣṭhavat	relaxed	1
piNgana	207200	piṅgāṇa	relaxed	1
piRqamustA	211248	piṇḍamusta	relaxed	1
piRqita	168906	piṇḍīta	relaxed	2
piWara	226088	pīṭhara	relaxed	3
piWaraka	212817	pīṭharaka	relaxed	1
picumanda	168877	picumānda	relaxed	1
pikekzaRA	166018	pikekṣaṇa	relaxed	1
pippalAvatI	95151	pippalāvati	relaxed	1
pippalIkA	166900	pippalikā	relaxed	8
pippalIkA	204582	pippalīka	relaxed	2
pizwAta	173652	piṣṭatā	relaxed	1
pizwORqI	165999	piṣṭauṇḍi	relaxed	1
plIhAhantrI	174661	plīhahantrī	relaxed	1
plavitf	209976	plāvitṛ	relaxed	1
poTikA	212860	pothika	relaxed	1
powagala	168683	poṭagalā	relaxed	1
powwalikA	204630	poṭṭalīka	relaxed	1
pozwA	205115	posta	relaxed	1
prADvara	171734	pradhvara	relaxed	8
prAGuRaka	218440	prāghūṇaka	relaxed	1
prARApAna	209277	prāṇāpānā	relaxed	1
prARana	169349	prāṇanā	relaxed	3
prARasaMyama	169276	prāṇasaṃyāma	relaxed	3
prAdurBAva	210084	prādurbhava	relaxed	2
prAkftaka	225990	prakṛtaka	relaxed	1
prAmuKya	199215	pramukhya	relaxed	2
prApay	225983	prapay	relaxed	1
prApya	162925	prapyā	relaxed	14
prArC	221123	prarch	relaxed	1
prAran	221607	praran	relaxed	1
prAvfttika	221958	pravṛttika	relaxed	1
prAvitf	205289	pravitṛ	relaxed	1
praBAzin	209444	prabhāsin	relaxed	1
praBf	206949	prābhṛ	relaxed	7
praRIya	218244	prāṇīya	relaxed	1
praRiDAna	199059	praṇīdhāna	relaxed	3
praRu	217430	praṇū	relaxed	25
praSAstf	200283	praśastṛ	relaxed	1
praSis	222331	praśiṣ	relaxed	1
praSrabDi	220735	prasrabdhi	relaxed	1
prabudDa	209267	prabuddhā	relaxed	1
pracCa	162396	pracchā	relaxed	17
pracIbala	202730	prācībala	relaxed	1
pracalAy	168422	pracālay	relaxed	15
pracalAy	176877	pracalay	relaxed	2
pracetA	176497	praceta	relaxed	2
pracetA	212782	praceta	relaxed	1
pracyava	223212	pracyāva	relaxed	1
pradF	162885	pradṛ	relaxed	5
pradIpAy	162879	pradīpay	relaxed	39
pradahana	224702	pradāhana	relaxed	1
pradiv	216905	pradīv	relaxed	1
pragF	162370	pragṛ	relaxed	3
pragF	222656	pragṛ	relaxed	2
pragetana	204064	prāgetana	relaxed	1
prahf	216809	prāhṛ	relaxed	1
prahi	208993	prāhi	relaxed	1
prahlAdana	155851	prahlādanā	relaxed	4
prahlAdi	166279	prahlādī	relaxed	1
prahlAdi	175611	prāhlādi	relaxed	6
prahlAdin	201366	prāhlādin	relaxed	1
prahuta	216984	prāhūta	relaxed	1
prahva	163150	prahvā	relaxed	1
prajan	223709	prājan	relaxed	1
prakAma	208871	prākāma	relaxed	1
prakamp	221820	prākamp	relaxed	1
prakrIq	222175	prākrīḍ	relaxed	1
prakruS	173707	prākruś	relaxed	6
prakza	222639	prakṣā	relaxed	1
prakza	222946	prakśā	relaxed	1
pralaB	218033	prālabh	relaxed	2
pramIl	204677	pramil	relaxed	2
pramIlA	210837	pramīla	relaxed	1
pramadAy	210917	pramāday	relaxed	3
pramadaka	208517	pramādaka	relaxed	1
pramlAnI	217188	pramlāni	relaxed	2
pranIqa	213212	praṇidā	relaxed	2
prapAnaka	220981	prapaṇākā	relaxed	1
prapalAy	212287	prapālay	relaxed	2
prapunAwa	205973	prāpunāṭa	relaxed	2
prapunnAwa	206170	prapunnaṭa	relaxed	2
prapyAta	170818	prāpyatā	relaxed	1
prarI	219430	prari	relaxed	1
prasTala	174560	prasthāla	relaxed	1
prasampaS	225138	prasaṃpaś	relaxed	1
prasiv	163113	prasīv	relaxed	2
prastu	211097	praṣṭu	relaxed	7
pratF	162730	pratṛ	relaxed	53
pratF	226348	prātṛ	relaxed	1
pratiSizyakA	221305	pratiśiṣyaka	relaxed	1
pratiSravaRa	169645	pratiśrāvaṇa	relaxed	1
pratiSru	216488	pratisru	relaxed	1
pratibala	210808	pratibalā	relaxed	2
pratidiv	162484	pratidīv	relaxed	4
pratigF	162459	pratigṛ	relaxed	77
pratihArAy	209464	pratihāray	relaxed	2
pratihArAy	226095	pratiharay	relaxed	1
pratiharaRa	172512	pratihāraṇa	relaxed	1
pratikriyA	214615	pratikriya	relaxed	2
pratinistF	162515	pratinistṛ	relaxed	1
pratipAta	202326	pratīpatā	relaxed	1
pratipF	201586	pratipṛ	relaxed	25
pratiprAsTAnika	212849	prātiprasthānika	relaxed	1
pratirava	212773	pratirāva	relaxed	1
pratisammud	221666	pratisaṃmud	relaxed	7
pratisparDA	222220	pratispardha	relaxed	1
prativAta	224449	pratīvāta	relaxed	1
pratizWiv	162665	pratiṣṭhīv	relaxed	1
pratiziv	162660	pratiṣīv	relaxed	4
pratizwamBa	175239	pratistambha	relaxed	1
pratolikA	201758	pratolika	relaxed	2
praturv	219737	pratūrv	relaxed	6
pratyASA	171426	pratyāsa	relaxed	1
pratyagraH	223159	pratyāgrah	relaxed	1
pratyavaBAz	210206	pratyavabhās	relaxed	2
pratyavatF	162765	pratyavatṛ	relaxed	1
pratyayAy	162719	pratyāyay	relaxed	11
pratyenasya	224353	prātyenasya	relaxed	3
pratyupavraj	214412	pratyupāvraj	relaxed	1
pratyuttF	162831	pratyuttṛ	relaxed	4
pravaBra	221614	prāvabhra	relaxed	2
pravadBArgava	217546	pravadbhargava	relaxed	1
pravadana	208170	pravādana	relaxed	1
pravapa	201112	pravāpa	relaxed	6
praveya	200186	prāveya	relaxed	2
pravezwanA	204268	praveṣṭana	relaxed	2
pravfj	216046	prāvṛj	relaxed	1
pravikF	163024	pravikṛ	relaxed	7
pravilayana	202761	pravilāyana	relaxed	1
pravivikzu	154820	pravīvikṣu	relaxed	1
pravrAjin	171556	pravrajin	relaxed	1
prayatana	213970	prayātānā	relaxed	1
prazwi	226280	praṣṭī	relaxed	1
priyaNgukA	175102	priyaṅguka	relaxed	3
priyasAla	211250	priyaśāla	relaxed	1
puNKa	165884	puṅkhā	relaxed	13
puRqarIkAkza	144429	puṇḍarikākṣa	relaxed	1
pulomajA	212927	pulomaja	relaxed	1
purAmaTanavallaBa	170322	puramathanavallabha	relaxed	1
purohita	174116	purohitā	relaxed	1
puronuvAkyavat	222399	puronuvākyāvat	relaxed	5
puroqAS	217134	puroḍās	relaxed	1
puruzadantikA	166062	pūruṣadantikā	relaxed	1
puruzanti	223496	puruṣantī	relaxed	2
pustaka	171483	puṣṭaka	relaxed	1
puwaka	206878	pūṭaka	relaxed	1
puzkala	209816	puṣkalā	relaxed	1
puzkarI	176612	puṣkari	relaxed	1
qamaru	176259	ḍamarū	relaxed	1
qap	213213	dāp	relaxed	4
qap	215674	ḍāp	relaxed	1
qapa	210847	dāpa	relaxed	1
qiRqiramodaka	167665	ḍiṇḍīramodaka	relaxed	1
qim	169849	dīṃ	relaxed	1
rASIBU	175480	rasībhū	relaxed	5
rASIkf	219207	rasīkṛ	relaxed	2
rAjAy	172425	rājay	relaxed	2
rAjAy	220006	rajay	relaxed	2
rAjImatI	203263	rājimatī	relaxed	1
rAjaBAva	174440	rājabhāvā	relaxed	1
rAjaBogya	174630	rājabhogyā	relaxed	1
rAjakaserukA	173765	rājakaśeruka	relaxed	4
rAjakfzRa	165800	rājakṛṣṇā	relaxed	1
rAjavallaBa	174611	rājavallabhā	relaxed	1
rAjeSvara	208936	rajeśvara	relaxed	1
rOhiReya	172887	rauhīṇeya	relaxed	1
rOhiRika	207171	rauhiṇīka	relaxed	1
rUpay	211834	rūpāy	relaxed	1
raRapriya	168700	raṇapriyā	relaxed	2
raRaraRa	222196	raṇaraṇā	relaxed	1
raRaraRika	216739	raṇaraṇikā	relaxed	2
raSanApada	174646	rasanāpada	relaxed	1
raSmika	199159	raśmīka	relaxed	2
raYjana	204528	rañjanā	relaxed	4
raba	176152	rāba	relaxed	5
rahAy	157642	rahay	relaxed	2
rahAy	201316	rāhay	relaxed	2
rahasa	224651	rāhasa	relaxed	1
rajjuka	200977	rajjukā	relaxed	2
raktadalA	214277	raktadala	relaxed	1
raktakusuma	210496	raktakusumā	relaxed	1
raktalA	207407	raktala	relaxed	2
raktayazwi	163727	raktayaṣṭī	relaxed	3
ram	169913	rāṃ	relaxed	3
rantA	204243	rānta	relaxed	1
ranti	176280	rantī	relaxed	5
rasada	209660	rasadā	relaxed	1
rasendracintAmaRi	206380	rasendracintamaṇi	relaxed	1
ratnaDara	208585	ratnadhāra	relaxed	2
ratnakUwa	225457	ratnakūṭā	relaxed	1
ratnapuzpa	206381	ratnapuṣpā	relaxed	1
rogahara	174175	rogahāra	relaxed	1
rohAy	160720	rohay	relaxed	26
rudrapada	208360	rudrapāda	relaxed	5
sAMsparSaka	201937	saṃsparśaka	relaxed	1
sAMvAhika	203303	saṃvāhikā	relaxed	6
sAMvaraRi	202777	saṃvaraṇī	relaxed	2
sAQyE	216342	śadhyai	relaxed	1
sAcin	225278	śācin	relaxed	1
sAgaradatta	216815	sāgaradattā	relaxed	1
sAhacarya	224390	sahacarya	relaxed	1
sAhadevaka	214113	sahadevaka	relaxed	2
sAhadevya	224134	sahadevya	relaxed	1
sAmiDenIka	222556	sāmidhenīkā	relaxed	8
sAmrAjya	199676	samrājya	relaxed	1
sAptatika	173406	saptatika	relaxed	2
sArakalpa	225369	śarakalpa	relaxed	1
sArti	215309	sarti	relaxed	5
sArvaDAtuka	207243	sarvadhātuka	relaxed	1
sAsu	214985	śāsu	relaxed	1
sAtrAjitI	226170	satrājitī	relaxed	1
sAtyADivAka	222800	satyādhivāka	relaxed	1
sAvarRaka	210573	savarṇaka	relaxed	1
sAway	172253	śātay	relaxed	45
sIsara	210434	śiṣara	relaxed	1
sOhArdya	222357	sauhardya	relaxed	1
sOnandI	212987	saunandi	relaxed	1
sOrAzwrika	206659	saurāṣṭrikā	relaxed	1
sOryacAndramasa	225320	sauryācāndramasa	relaxed	1
sOzirya	202207	śauṣirya	relaxed	1
sPA	215675	ṣpha	relaxed	1
sPA	216282	spha	relaxed	1
sPAwikopala	207187	sphaṭikopala	relaxed	2
sTUlAsya	167584	sthūlāsyā	relaxed	1
sTUlaSIrza	203302	sthūlaśīrṣā	relaxed	1
sTUlaka	211266	sthūlakā	relaxed	1
sTal	215790	ṣṭhal	relaxed	2
sTapika	212234	sthāpika	relaxed	1
sTeya	222777	stheyā	relaxed	2
sTita	218240	sthitā	relaxed	1
sUcIvaktra	203636	sūcivaktrā	relaxed	2
sUcivat	222156	śucivat	relaxed	4
sUkaraka	215248	śūkaraka	relaxed	1
sUkaratA	175390	śūkaratā	relaxed	1
sUnamada	225156	śunamaḍa	relaxed	1
sUpaka	173455	supāka	relaxed	2
sUpika	211972	supīka	relaxed	1
sUrakanda	167802	śūrakanda	relaxed	1
sUryakAnta	173192	sūryakāntā	relaxed	1
sUryapraBava	201522	sūryaprabhāvā	relaxed	1
sUtra	168885	sūtrā	relaxed	1
sUtraRa	218137	sūtraṇā	relaxed	1
saMBuva	200477	śaṃbhuvā	relaxed	1
saMDAyasamBAzA	207604	saṃdhāyasaṃbhāṣā	relaxed	2
saMDanajit	220368	saṃdhanājit	relaxed	7
saMSaMsA	225347	saṃśaṃsa	relaxed	3
saMSlezin	217428	śaṃśleṣin	relaxed	1
saMbanDana	204783	sambandhana	relaxed	3
saMcakAs	224940	saṃcākaś	relaxed	1
saMcalana	171425	saṃcālana	relaxed	2
saMdravaRa	204150	saṃdrāvaṇa	relaxed	1
saMgF	171186	saṃgṛ	relaxed	4
saMgF	172348	saṃgṛ	relaxed	6
saMharza	207732	saṃharṣā	relaxed	1
saMjF	164916	saṃjṛ	relaxed	7
saMkAS	222831	saṃkaṣ	relaxed	1
saMnati	226031	śamnāti	relaxed	2
saMniDikAra	220165	saṃnidhīkāra	relaxed	1
saMnu	221101	saṃnū	relaxed	1
saMpAwana	209247	saṃpātana	relaxed	1
saMrI	222712	saṃri	relaxed	7
saMsiv	164808	saṃsīv	relaxed	14
saMskfti	219925	sāṃskṛti	relaxed	1
saMtF	164940	saṃtṛ	relaxed	49
saMvarRana	223170	saṃvarṇanā	relaxed	1
saMvatsarIRa	221946	samvatsarīṇa	relaxed	1
saMvijYA	176481	saṃvijña	relaxed	1
saMyAnI	224779	śamyāṇī	relaxed	1
saMyAnI	224868	saṃyāni	relaxed	1
saMyuta	219084	samyuta	relaxed	1
saNgara	210518	sāṅgara	relaxed	1
saSoka	199395	sāśoka	relaxed	1
sacala	201704	sācala	relaxed	1
sadApuzpa	163673	sadāpuṣpā	relaxed	3
safRa	169988	sārṇa	relaxed	2
sahaDArmika	220149	sahadharmika	relaxed	2
sahaSayyA	202114	sahaśayya	relaxed	1
sahaSayyA	202818	sahaśayya	relaxed	1
sahasraGni	217918	sahasraghnī	relaxed	1
sahodara	111309	sahodarā	relaxed	8
sajAya	225349	sajāyā	relaxed	1
sakapawa	199450	sakapāṭa	relaxed	1
sakzIra	205786	sakṣīrā	relaxed	1
salAvfkI	225269	śālāvṛkī	relaxed	1
samADinizWa	218282	samadhiniṣṭhā	relaxed	1
samAdiS	165194	samādis	relaxed	146
samAnAsa	169461	sāmanasa	relaxed	5
samApF	200185	samāpṛ	relaxed	11
samArTin	168267	samarthin	relaxed	1
samBAvitatama	211698	saṃbhāvitatama	relaxed	1
samBAvitatara	205101	saṃbhāvitatara	relaxed	1
samBUyasamutTAna	212629	saṃbhūyasamutthāna	relaxed	1
samBftatama	222917	saṃbhṛtatama	relaxed	3
samaDyAs	199191	samadhyas	relaxed	1
samaYj	225326	samāñj	relaxed	1
samadfS	168472	śamadṛś	relaxed	1
samagraH	171888	samāgrah	relaxed	3
samaram	211169	samāram	relaxed	1
samavakF	165141	samavakṛ	relaxed	30
samavakzip	212728	samavākṣip	relaxed	1
samavatF	211233	samavatṛ	relaxed	5
samaveDa	169898	samāvedha	relaxed	1
sambfMh	226214	saṃbṛṃh	relaxed	1
sammikz	221001	saṃmikṣ	relaxed	1
sampAtavat	30601	saṃpātavat	relaxed	65
sampaS	167081	saṃpaś	relaxed	117
sampac	176110	saṃpac	relaxed	3
sampalAy	165440	sampālay	relaxed	2
sampalAy	222858	saṃpalāy	relaxed	1
sampannatama	216852	saṃpannatama	relaxed	3
sampannatara	209510	saṃpannatara	relaxed	2
samparistf	223622	saṃparistṛ	relaxed	27
sampipAdayizA	215426	saṃpipādayiṣā	relaxed	1
samprArT	208327	saṃprārth	relaxed	1
samprItimat	209435	saṃprītimat	relaxed	1
sampraDAna	204880	saṃpradhana	relaxed	1
sampraDAv	170851	saṃpradhāv	relaxed	5
sampraDAv	225728	saṃpradhāv	relaxed	2
sampraDfz	201681	saṃpradhṛṣ	relaxed	1
sampraRaS	198916	saṃpraṇaś	relaxed	4
sampracyu	224227	saṃpracyu	relaxed	2
sampradIp	200102	saṃpradīp	relaxed	27
sampragF	222270	saṃpragṛ	relaxed	1
samprakAS	165451	samprakās	relaxed	16
samprakf	214597	saṃprakṛ	relaxed	12
sampramfd	211549	saṃpramṛd	relaxed	3
sampratap	202401	saṃpratap	relaxed	1
sampratibuD	172364	saṃpratibudh	relaxed	1
sampratipattimat	214531	saṃpratipattimat	relaxed	2
sampravf	224142	saṃpravṛ	relaxed	5
sampsA	222586	saṃpsā	relaxed	1
sampuwIkf	169990	saṃpuṭīkṛ	relaxed	10
samrAja	223495	saṃrāja	relaxed	1
samudBava	175626	samudbhavā	relaxed	1
samudralavaRa	207404	sāmudralavaṇa	relaxed	4
samupagama	172983	samupāgama	relaxed	1
samupaspfS	165384	samupaspṛs	relaxed	16
samupayuj	199112	samupāyuj	relaxed	1
samuttAraRa	174396	samuttaraṇa	relaxed	1
samuttF	165290	samuttṛ	relaxed	27
sandI	203643	ṣaṇḍī	relaxed	1
sapAtra	216399	sapatra	relaxed	1
sapatnIka	218300	sāpatnika	relaxed	1
sapiRqIkaraRa	208498	sapiṇdīkaraṇa	relaxed	1
saprasAda	199451	saprāsāda	relaxed	1
saptAhvA	168901	saptāhva	relaxed	11
saptaparRa	202773	sāptaparṇa	relaxed	1
saptapattra	205026	saptapattrā	relaxed	3
saraBaka	225772	śarabhaka	relaxed	1
saraNgaka	174577	sāraṅgaka	relaxed	2
sarjikA	205830	sarjīka	relaxed	1
sarpAy	166947	sarpay	relaxed	4
sarvANgasundara	173010	sarvāṅgasundarā	relaxed	1
sarvANgika	212549	sārvāṅgika	relaxed	1
sarvaBakzya	167478	sarvabhakṣyā	relaxed	1
sarvaDarmApravfttinirdeSa	220486	sarvadharmapravṛttinirdeśa	relaxed	1
sarvaganDika	203592	sārvagandhika	relaxed	1
sarvaguRa	166845	sārvaguṇa	relaxed	2
sarvavinda	213103	sārvavinda	relaxed	1
sastara	176862	sāstara	relaxed	2
sasura	172152	sāsura	relaxed	3
sasyasaMvaraRa	166313	śasyasaṃvaraṇa	relaxed	2
sattattva	218042	ṣaṭtattva	relaxed	2
satyaDana	209709	satyadhanā	relaxed	1
satyanAma	172071	satyanāmā	relaxed	3
satyapa	215292	satyāpa	relaxed	1
satyasena	200474	satyasenā	relaxed	1
satyavrata	200473	satyavratā	relaxed	4
saviDI	173182	savidhi	relaxed	2
savitara	176438	savītara	relaxed	1
secana	209372	secanā	relaxed	1
segava	214540	segavā	relaxed	1
senAnI	222283	senāni	relaxed	5
senaka	219924	senāka	relaxed	1
seti	215398	śeti	relaxed	2
sfkka	212679	sṛkkā	relaxed	1
siYjinI	132593	śiñjinī	relaxed	1
sidDamata	169881	siddhāmata	relaxed	5
sidDida	204010	siddhidā	relaxed	4
sinIvAka	201877	śinīvāka	relaxed	1
sitAhvaya	210898	sitāhvayā	relaxed	1
sitAvarI	165866	śitāvarī	relaxed	1
smat	214783	smāt	relaxed	1
snigDapattra	168529	snigdhapattrā	relaxed	1
snih	215072	ṣṇih	relaxed	1
soQAy	158835	śodhay	relaxed	452
sodaka	221410	ṣoḍaka	relaxed	1
solika	167733	śolikā	relaxed	2
somArha	165777	somārhā	relaxed	1
sowA	201263	ṣoṭa	relaxed	43
srIvi	214380	srivi	relaxed	1
sraja	212719	srajā	relaxed	3
sruGnI	203054	śrughnī	relaxed	1
stena	170786	stenā	relaxed	2
suBAsa	218924	subhāṣa	relaxed	1
suDAma	209638	sudhāmā	relaxed	1
suKodBavA	169070	sukhodbhāvā	relaxed	1
sucetana	174858	sucetanā	relaxed	1
sucintA	199579	sucinta	relaxed	1
sudIkzA	174993	sudīkṣa	relaxed	1
sudyumna	209670	sudyumnā	relaxed	1
sugrIva	107167	sugrīvā	relaxed	3
suhata	167877	suhatā	relaxed	1
sujAtaka	174432	sujātakā	relaxed	1
sukaRWa	208298	sukaṇṭhā	relaxed	1
sukandaka	165798	sukāṇḍaka	relaxed	2
sukarRa	106681	sukarṇā	relaxed	1
sukumArIka	211768	sukumārikā	relaxed	13
sumAla	205108	sumala	relaxed	2
sumAla	209821	sumālā	relaxed	1
sunata	203248	śūnatā	relaxed	1
supayoDarA	176517	supayodhara	relaxed	1
surApa	208581	surapa	relaxed	1
suraBidAru	174790	surabhīdāru	relaxed	1
surakzita	214111	surakṣitā	relaxed	1
surapAla	216586	sūrapāla	relaxed	2
suratrARa	206167	suratrāṇā	relaxed	1
susUkzma	218342	susūkṣmā	relaxed	1
susaMhita	200475	susaṃhitā	relaxed	1
susutama	222783	suṣūtama	relaxed	3
sutantu	176424	sutantū	relaxed	1
suvarRamAkzika	176018	suvarṇamākṣīka	relaxed	2
suvarRapuzpa	98302	suvarṇapuṣpā	relaxed	2
suvarjikA	205829	suvarjika	relaxed	1
suvicitra	174900	suvicitrā	relaxed	1
suvistara	166128	suviṣṭarā	relaxed	1
suvita	209073	suvīta	relaxed	1
suyAti	214866	sūyati	relaxed	1
svAhA	176409	svāha	relaxed	3
svApi	213392	svapi	relaxed	4
svAsanaka	206254	śvasanakā	relaxed	1
svAvft	223675	svavṛt	relaxed	4
svaByasa	222058	śvabhyaśa	relaxed	1
svaDA	176498	svadha	relaxed	1
svacCanda	216575	svacchandā	relaxed	4
svarasa	168449	svarasā	relaxed	1
svarya	168715	svaryā	relaxed	1
svasreya	212144	svasreyā	relaxed	1
svastika	169883	svāstika	relaxed	1
syAt	214981	syāṭ	relaxed	1
tAlISapatra	165697	tālīsapatra	relaxed	4
tAlajaNGa	170530	tālajaṅghā	relaxed	1
tAlapatra	165822	tālapatrā	relaxed	1
tAlavana	217255	talavana	relaxed	1
tAmraliptikA	211720	tāmraliptika	relaxed	2
tAmratA	209863	tāmrāta	relaxed	1
tAnUnaptrin	225956	tānunaptrin	relaxed	1
tApI	215405	tāpi	relaxed	1
tAratAra	211861	tāratara	relaxed	4
tIkzRAmla	206077	tīkṣṇāmlā	relaxed	1
tIkzRapattra	168826	tīkṣṇapattrā	relaxed	1
tIrI	214741	tiri	relaxed	1
tIragraha	216996	tīragrāha	relaxed	1
tUzRIBAva	220744	tuṣṇībhāva	relaxed	48
taRqulIyaka	166546	taṇḍulīyakā	relaxed	1
tac	215941	ṭac	relaxed	1
tadarTaka	215717	tādarthaka	relaxed	1
takraBaktA	176381	takrabhakta	relaxed	2
tamopaha	218340	tamopahā	relaxed	1
tanUpA	222865	tanūpa	relaxed	4
tanmAtra	200539	tānmātra	relaxed	1
tap	215670	ṭāp	relaxed	2
tapAnta	224265	tapanta	relaxed	1
tapaHsidDa	198909	tapaḥsiddhā	relaxed	1
tapinI	97143	tāpinī	relaxed	1
taraMga	208218	taraṃgā	relaxed	1
tarawa	172411	tāratā	relaxed	3
tarda	221163	tardā	relaxed	1
tarjanikA	223885	tarjanīkā	relaxed	1
tas	214888	tās	relaxed	3
tattva	218054	tāttva	relaxed	2
tejaskara	205386	tejaskāra	relaxed	1
ti	213341	ṭi	relaxed	10
tiktamarica	166993	tiktamarīca	relaxed	1
tila	168728	tilā	relaxed	1
tilaparRa	166888	tīlaparṇa	relaxed	1
tintrIRIkA	203898	tintriṇīka	relaxed	4
tiraka	207101	tīraka	relaxed	1
titikzu	219029	titīkṣu	relaxed	2
tizyapuzpA	210582	tiṣyapuṣpa	relaxed	1
toya	83601	toyā	relaxed	4
trAsikA	210763	trāsika	relaxed	1
trEDAtavyA	224996	traidhātavya	relaxed	1
trayastriMSat	220436	trāyastriṃśat	relaxed	2
triBAga	198608	tribhāgā	relaxed	1
trikARqa	206082	trikandā	relaxed	1
tripattra	205140	tripattrā	relaxed	1
trireKa	204074	trirekhā	relaxed	2
trisarI	176535	trisāri	relaxed	1
tristAvA	225263	tristāva	relaxed	3
trivftA	199011	trivṛta	relaxed	5
trivftA	199894	trivṛta	relaxed	14
trowana	217981	troṭanā	relaxed	1
tryaSraPalA	166991	tryasraphalā	relaxed	1
tryavi	224218	tryavī	relaxed	1
tuk	213870	ṭuk	relaxed	1
tumbikA	204371	tumbīkā	relaxed	1
uBayapadin	223548	ubhayāpadin	relaxed	1
ucCada	204275	ucchāda	relaxed	1
uccEHSravyakarRaka	223047	uccaiḥśrāvyakarṇaka	relaxed	1
uccati	172198	uccaṭī	relaxed	2
udAna	209278	udānā	relaxed	1
udAna	220295	udana	relaxed	11
udAsa	213455	udāsā	relaxed	2
udBAvaka	204926	udbhavaka	relaxed	3
udGozaRa	56647	udghoṣaṇā	relaxed	2
udIcInapAda	225195	udīcīnapada	relaxed	1
udakpAda	223596	udakpada	relaxed	1
udavAha	201032	udāvaha	relaxed	1
udavAsa	160171	udavasā	relaxed	29
uddAna	168394	uḍḍāna	relaxed	1
uddAya	221996	uddaya	relaxed	1
uddF	217882	uddṛ	relaxed	1
udgATA	225387	udgatha	relaxed	1
udgF	160215	udgṛ	relaxed	57
udvAma	167158	udvama	relaxed	3
ugratArA	170061	ugratara	relaxed	3
ujJa	160238	ujjhā	relaxed	13
ujJa	222796	ujjhā	relaxed	2
ujJawA	170973	ujjhatā	relaxed	1
undara	208769	uṇḍara	relaxed	1
unmaTAy	216036	unmathay	relaxed	1
unmatta	167477	unmattā	relaxed	1
unnata	217250	unnāṭa	relaxed	1
upADu	218968	upadhū	relaxed	2
upAliH	223324	upalih	relaxed	1
upAnas	225361	upanaś	relaxed	1
upAnasa	219873	upānaśa	relaxed	1
upArC	221159	uparch	relaxed	7
upArD	226552	upardh	relaxed	1
upArz	221233	uparṣ	relaxed	4
upAsA	223065	upaśa	relaxed	1
upAsaNga	176469	upasaṅga	relaxed	2
upaSaNk	217040	upāśaṅk	relaxed	1
upabADA	225169	upabādha	relaxed	2
upabAhyakA	225508	upabāhyaka	relaxed	1
upacitraka	168882	upacitrakā	relaxed	1
upadAtf	226155	upādātṛ	relaxed	4
upadeva	45079	upadevā	relaxed	7
upajApa	214453	upajapa	relaxed	1
upakAla	216215	upakala	relaxed	1
upakruS	220319	upākruś	relaxed	3
upakuYci	166789	upakuñcī	relaxed	3
upanadi	198602	upanadī	relaxed	3
upanam	221971	upānam	relaxed	1
upaniSA	220424	upanisā	relaxed	11
upaplavin	204689	upaplāvin	relaxed	1
upasUc	216429	upaśuc	relaxed	1
upaspfS	210144	upāspṛś	relaxed	1
upasravaRa	212048	upaśravaṇa	relaxed	1
upavAsa	160708	upāvasā	relaxed	1
upavarta	214396	upāvarta	relaxed	1
upavas	214010	upāvas	relaxed	4
upavyuzam	209886	upavyūṣam	relaxed	3
upodi	169136	upodī	relaxed	1
uqqiyAnaka	167469	uḍḍīyānaka	relaxed	2
uqumbarI	166906	udumbarī	relaxed	4
urubilvAkASyapa	223118	urubilvakāśyapa	relaxed	2
utKA	224732	utkha	relaxed	2
utkIrRikA	222036	utkīrṇika	relaxed	1
utkaRWAy	175918	utkaṇṭhay	relaxed	6
utkala	175629	utkalā	relaxed	2
utkramaRa	218085	utkrāmaṇa	relaxed	1
utsa	221288	utsā	relaxed	3
utsavAy	226309	utsavay	relaxed	1
utsiv	220239	utsīv	relaxed	9
uttF	160131	uttṛ	relaxed	209
uttaray	160132	uttāray	relaxed	55
uzRihA	225220	uṣṇiha	relaxed	2
uzadgu	209723	uśadgu	relaxed	3
uzwra	168678	uṣṭrā	relaxed	1
vARavat	217328	vanavat	relaxed	1
vAguli	210823	vāgulī	relaxed	3
vAjasaneya	168005	vājasaneyā	relaxed	1
vAjasaneyibrAhmaRa	224242	vājasaneyībrāhmaṇa	relaxed	1
vAjidanta	165864	vājidantā	relaxed	1
vAkpaTa	209265	vākpathā	relaxed	1
vAlaDi	225781	vāladhī	relaxed	1
vAlu	200934	vālū	relaxed	1
vAlukAyantra	174215	vālukayantra	relaxed	3
vAmAvarta	165806	vāmāvartā	relaxed	2
vArAhatIrTa	212217	varāhatīrtha	relaxed	1
vAraRI	211381	varaṇī	relaxed	2
vAraRavusA	210842	vāraṇavuśā	relaxed	1
vArija	209649	vārijā	relaxed	1
vArimant	219624	varimant	relaxed	2
vArzI	216286	varṣi	relaxed	1
vArzaparvaRa	214091	vārṣapārvaṇa	relaxed	1
vAsayitf	226233	vaśayitṛ	relaxed	1
vAtahA	173684	vaṭahā	relaxed	1
vAtsapra	225117	vatsapra	relaxed	1
vEdArva	223635	vaidarva	relaxed	2
vEdarBa	175753	vaidarbhā	relaxed	1
vEdehika	172799	vaidehikā	relaxed	1
vEpraSnika	217044	vaiprāśnika	relaxed	2
vErAja	199036	vairaja	relaxed	1
vEriRi	120366	vairiṇī	relaxed	7
vIraBadra	209340	vīrabhadrā	relaxed	1
vIrapatrA	169969	vīrapātra	relaxed	1
vIryavattama	224401	vīryāvattama	relaxed	4
vIryavattara	224433	vīryāvattara	relaxed	3
vIvaDin	225651	vivadhin	relaxed	1
vIwamuKa	201761	vīṭāmukha	relaxed	1
vaDI	214925	vadhi	relaxed	1
vaNgaja	205079	vaṅgajā	relaxed	1
vaNkAlA	211078	vaṅkāla	relaxed	3
vaSanI	165782	vāsanī	relaxed	1
vaSitva	164184	vāsitva	relaxed	2
vahedaka	167012	vaheḍaka	relaxed	2
vahinI	47161	vāhinī	relaxed	319
vahnicUqa	210881	vahnicūḍā	relaxed	1
vahnimitra	173372	vahnimitrā	relaxed	11
vajira	207317	vājira	relaxed	2
vajradaMzwra	174942	vajradaṃṣṭrā	relaxed	1
vajradaRqa	209662	vajradaṇḍā	relaxed	1
vajratuRqa	171496	vajratuṇḍā	relaxed	2
vakAra	208848	vākāra	relaxed	1
vakradanta	167188	vakradantā	relaxed	1
valaBikA	203244	valabhika	relaxed	1
valavat	226047	vālavat	relaxed	1
valinI	46825	vālinī	relaxed	1
valina	211744	vālina	relaxed	1
vallikA	177135	vallīka	relaxed	3
vamanakalpa	215619	vāmanakalpa	relaxed	1
vamrI	224816	vamri	relaxed	1
vaqavAmuKa	201242	vaḍavāmukhā	relaxed	3
varAhakarRikA	205185	vārāhakarṇikā	relaxed	1
varRada	167276	varṇadā	relaxed	1
varaRaka	172712	vāraṇaka	relaxed	2
varatikta	211269	varatiktā	relaxed	1
varatiktaka	166858	varatiktakā	relaxed	1
varcAy	222991	varcay	relaxed	1
varja	166603	vārja	relaxed	1
varttaloha	173977	vārttāloha	relaxed	1
varuRaka	200134	vāruṇaka	relaxed	1
varzIya	217323	vārṣīya	relaxed	1
vasIyas	222628	vaśīyas	relaxed	2
vasavya	224827	vāsavya	relaxed	2
vasizWasaMhitA	215245	vaśiṣṭhasaṃhitā	relaxed	1
vasupraBA	217061	vasuprabha	relaxed	1
vasuprada	209653	vasupradā	relaxed	1
vatsavant	225493	vatsāvant	relaxed	1
vaweSvara	208302	vāteśvara	relaxed	2
vawuka	174585	vātūka	relaxed	1
vayI	213533	vayi	relaxed	2
vayojU	69002	vayoju	relaxed	1
veDanI	201311	veḍhanī	relaxed	6
veRIskanDa	200123	veṇiskandha	relaxed	1
vfScikapattrikA	175882	vṛścikāpattrikā	relaxed	3
vfdDavasizWa	215417	vṛddhavaśiṣṭha	relaxed	1
vfjana	142738	vṛjanā	relaxed	2
vfkzaruhA	165915	vṛkṣāruhā	relaxed	1
vfttapuzpa	166172	vṛttapuṣpā	relaxed	4
vfttatuRqa	168893	vṛttatuṇḍā	relaxed	1
vfttika	205359	vṛttikā	relaxed	9
vftya	216967	vṛtyā	relaxed	1
vfzaBitA	223488	vṛṣabhita	relaxed	2
vfzaRI	168686	vṛṣāṇī	relaxed	1
vfzayu	226474	vṛṣāyu	relaxed	1
viBUzA	226513	vibhūṣa	relaxed	1
viBaktika	204929	vibhaktikā	relaxed	3
viDAtfkA	211181	vidhātṛka	relaxed	1
viDAyIkA	215732	vidhāyika	relaxed	1
viMSatika	203880	viṃśatikā	relaxed	1
viSakaRWI	174877	viṣakaṇṭhī	relaxed	1
viSalyasamBava	205949	viśalyāsambhava	relaxed	1
viSvAcI	139386	viśvāci	relaxed	28
viSvadevyAvat	223947	viśvadevyavat	relaxed	18
vidF	171376	vidṛ	relaxed	70
vidalikA	206136	vidālikā	relaxed	1
viday	219478	vīḍay	relaxed	22
vidiv	222292	vidīv	relaxed	4
vidyutA	199029	vidyuta	relaxed	6
viganDa	207789	vigandhā	relaxed	1
vigfhyasamBAzA	207598	vigṛhyasaṃbhāṣā	relaxed	1
vigrahay	216805	vigrāhay	relaxed	4
vihAya	212718	vihaya	relaxed	1
vihaga	177020	vihagā	relaxed	2
vikarRI	173408	vikarṇi	relaxed	4
vikarzaRa	202846	vikarśana	relaxed	1
vikarzaRa	217388	vikarśana	relaxed	1
vilaNga	168713	vilaṅgā	relaxed	2
vimanAy	163521	vimānay	relaxed	31
vimuRqA	212193	vimuṇḍa	relaxed	1
vinI	215877	vini	relaxed	2
vinidra	200925	vinidrā	relaxed	1
vipaNka	202083	vipaṅkā	relaxed	1
vipadA	199294	vipāda	relaxed	1
vipadI	166274	vipādī	relaxed	2
vipanyA	210266	vipaṇya	relaxed	1
viparyata	203746	viparyaṭa	relaxed	1
vipiS	200845	vipiṣ	relaxed	4
vipluta	203637	viplutā	relaxed	4
viraR	215807	virāṇ	relaxed	1
visaMjYAgati	221937	visaṃjñāgatī	relaxed	2
visalyaka	212265	viśalyaka	relaxed	1
visrAvin	171240	viśrāvin	relaxed	2
vistAraRa	199279	vistaraṇa	relaxed	2
vistaraka	208884	vistāraka	relaxed	1
visvap	224581	viṣvap	relaxed	2
vitF	163325	vitṛ	relaxed	130
vitardikA	223957	vitardika	relaxed	1
vitastadatta	219790	vitastādatta	relaxed	1
vitula	223615	vitūla	relaxed	1
vivadana	208114	vivādana	relaxed	1
vivalanA	217559	vivalana	relaxed	1
viwapriya	210934	viṭapriyā	relaxed	1
viyati	213575	vīyati	relaxed	1
viyati	218949	viyāti	relaxed	1
viyu	223766	viyū	relaxed	1
vizAntaka	208875	viśāntaka	relaxed	1
vizOzaDI	210921	viṣauṣadhi	relaxed	1
vizaNga	209630	visaṅgā	relaxed	1
vizamuzwika	175075	viṣamuṣṭikā	relaxed	4
viziv	223972	viṣīv	relaxed	6
vizwika	165881	viṣṭikā	relaxed	2
vrAji	214953	vraji	relaxed	1
vratavat	216895	vrātavat	relaxed	1
vyABAz	200868	vyābhaṣ	relaxed	4
vyADAy	203225	vyadhay	relaxed	9
vyADAy	224654	vyādhay	relaxed	1
vyAkf	217564	vyākṝ	relaxed	4
vyApAdya	225294	vyapādya	relaxed	2
vyAyata	176655	vyāyatā	relaxed	1
vyapAkfta	198886	vyapakṛta	relaxed	1
vyatitF	164519	vyatitṛ	relaxed	1
vyavakF	164579	vyavakṛ	relaxed	4
vyavasfj	216918	vyavāsṛj	relaxed	1
vyoza	166505	vyoṣā	relaxed	1
waNkAnaka	174592	ṭaṅkaṇaka	relaxed	11
weRwuka	166179	ṭeṇṭūka	relaxed	1
wiRwiRi	172408	tintiṇī	relaxed	4
wuppikA	216150	ṭuppika	relaxed	1
yATAkaTAca	215833	yathākathāca	relaxed	1
yATAtaTya	200462	yathātathya	relaxed	2
yAcYA	224300	yācña	relaxed	1
yAminI	73963	yaminī	relaxed	4
yAmyam	219543	yaṃyam	relaxed	1
yAvattmUtam	225902	yavattmūtam	relaxed	1
yUTikA	224818	yūthika	relaxed	1
yaTAsaMKyam	203835	yathāsaṃkhyām	relaxed	1
yakzAvAsa	168827	yakṣavāsa	relaxed	1
yamAy	160335	yāmay	relaxed	4
yamAy	172617	yamay	relaxed	42
yamajihvA	208778	yamajihva	relaxed	1
yamapawwikA	226375	yamapaṭṭika	relaxed	1
yavAsaka	173742	yavaśāka	relaxed	4
yavaPala	203278	yavaphalā	relaxed	1
yavalaka	203345	yavālaka	relaxed	1
yavanAlaja	207416	yāvanālaja	relaxed	1
yavanaka	205340	yavānaka	relaxed	4
yavay	158432	yāvay	relaxed	32
yavika	172721	yavikā	relaxed	1
yazwIpuzpa	206209	yaṣṭipuṣpa	relaxed	1
yoDana	224848	yodhanā	relaxed	1
yogaja	209576	yogajā	relaxed	1
yogeSa	209311	yogeśā	relaxed	1
yojanika	169602	yojanikā	relaxed	9
yudDa	209266	yuddhā	relaxed	1
yugAvarta	209666	yugāvartā	relaxed	1
yugaMDara	209675	yugaṃdharā	relaxed	1
yugya	205672	yugyā	relaxed	1
yuktikfta	201514	yuktīkṛta	relaxed	1
yut	213803	yuṭ	relaxed	1
zawcaraRa	174924	ṣaṭcaraṇā	relaxed	1
zawzazwi	175403	ṣaṭsaṣṭi	relaxed	1
zica	213893	sica	relaxed	2
