# Bhagavadgītā adhyāya 1 — GOLD word-by-word analysis, 47 verses
# Source: SanskritGrammar/Concordance/Gita.xlsm 'Grammar' sheet (hand-curated:
#   lemma, root, morphology, English + Russian gloss per word). Vendored 13-07-2026 (H848).
# Cols: vref\twidx\tform_iast\tdeva\tlemma_raw\troot\tmorph\tgloss_en\tgloss_ru\tverse_iast\tverse_deva
# verse_iast/verse_deva populated only on each verse's first word-row.
1.01	1	dhṛtarāṣṭraḥ	धृतराष्ट्रः	dhṛta-rāṣṭra	√dhṛ	1n.1 m.	by whom the kingdom is held, Dhṛtarāṣṭra	царь Дхритараштра	dhṛtarāṣṭra uvāca	धृतराष्ट्र उवाच
1.01	2	uvāca	उवाच	√vac	√vac	Perf. P 1v.1	he spoke	сказал		
1.01	3	dharma-kṣetre	धर्मक्षेत्रे	dharma-kṣetra	√dhṛ	7n.1 n.	in the field of dharma	в месте паломничества		
1.01	4	kuru-kṣetre	कुरुक्षेत्रे	kuru-kṣetra	√kṣi	7n.1 n.	in the field of the Kurus	в месте под названием Курукшетра		
1.01	5	samavetāḥ	समवेताः	sam-aveta	√i	PP 1n.3 m.	assembled	собравшиеся		
1.01	6	yuyutsavaḥ	युयुत्सवः	yuyutsu	√yudh	des. 1n.3 m.	desiring to fight	желающие вступить в бой		
1.01	7	māmakāḥ	मामकाः	māmaka		1n.3 m.	my, mine	те, кто на моей стороне (мои сыновья)		
1.01	8	pāṇḍavāḥ	पाण्डवाः	pāṇḍava		1n.3 m.	the sons of Pāṇḍu	сыновья Панду		
1.01	9	ca	च	ca		av.	and	и		
1.01	10	eva	एव	eva		av.	certainly, just, merely	безусловно		
1.01	11	kim	किम्	kim		sn. 2n.1 n.	what?	что		
1.01	12	akurvata	अकुर्वत	√kṛ	√kṛ	Imperf. Ā 1v.3	they did	сделали		
1.01	13	saṁjaya	सञ्जय​	sam-jaya	√ji	8n.1 m.	conquest, complete victory, Saṁjaya	о Санджая		
1.02	1	saṁjayaḥ	सञ्जयः	sam-jaya	√ji	1n.1 m.	conquest, complete victory, Saṁjaya	Санджая	saṃjaya uvāca	सञ्जय उवाच
1.02	2	uvāca	उवाच​	√vac	√vac	Perf. P 1v.1	he spoke	сказал		
1.02	3	dṛṣṭvā	दृष्ट्वा	√dṛś	√dṛś	absol.	after seeing	осмотрев		
1.02	4	tu	तु	tu		av.	but, then, or, and	но		
1.02	5	pāṇḍavānīkam	पाण्डवानीकम्	pāṇḍava-anīka		2n.1 n.	the army of the sons of Pāṇḍu	армию Пандавов		
1.02	6	vyūḍham	व्यूढम्	vyūḍha	√vah	PP 2n.1 n.	divided, arrayed	выстроенную в боевые порядки		
1.02	7	duryodhanaḥ	दुर्योधनः	dur-yodhana	√yudh	1n.1 m.	difficult to fight with, Duryodhana	царь Дурьйодхана		
1.02	8	tadā	तदा	tadā		av.	at that time, then	тогда		
1.02	9	ācāryam	आचार्यम्	ācārya	√car	2n.1 m.	to teacher	к учителю		
1.02	10	upasaṅgamya	उपसङ्गम्य​	upa-sam-√gam	√gam	absol.	having approached	подойдя		
1.02	11	rājā	राजा	rājan	√raj	1n.1 m.	king	царь		
1.02	12	vacanam	वचनम्	vacana	√vac	2n.1 n.	speech	речь		
1.02	13	abravīt	अब्रवीत्	√brū	√brū	Imperf. P 1v.1	he spoke	произнес		
1.03	1	paśya	पश्य​	√dṛś	√dṛś	Imperat. P 2v.1	you must see	взгляни	paśyaitāṃ pāṇḍu-putrāṇām ācārya mahatīṃ camūm	पश्यैतां पाण्डुपुत्राणामाचार्य महतीं चमूम्
1.03	2	etām	एताम्	etat		sn. 2n.1 f.	this	на эту		
1.03	3	pāṇḍu-putrāṇām	पाण्डुपुत्राणाम्	pāṇḍu-putra	√puṣ	6n.3 m.	of the sons of Pāṇḍu	сыновей Панду		
1.03	4	ācārya	आचार्य​	ācārya	√car	8n.1 m.	O teacher!	о учитель		
1.03	5	mahatīm	महतीम्	mahatī	√mah	2n.1 f.	great	огромную		
1.03	6	camūm	चमूम्	camū		2n.1 f.	army, troops	армию		
1.03	7	vyūḍhām	व्यूढाम्	vyūḍhā	√vah	PP 2n.1 f.	divided, arrayed	построенную		
1.03	8	drupada-putreṇa	द्रुपदपुत्रेण​	drupada-putra	√dru	3n.1 m.	by the son of Drupada	сыном Друпады		
1.03	9	tava	तव​	yuṣmat		sn. 6n.1	your	твоим		
1.03	10	śiṣyeṇa	शिष्येण​	śiṣya	√śās	PF 3n.1 m.	by the one to be taught, by a disciple	учеником		
1.03	11	dhīmatā	धीमता	dhīmant	√dhī	3n.1 m.	by the one having intellect	мудрым.		
1.04	1	atra	अत्र​	atra		av.	here	здесь	atra śūrā maheṣv-āsā bhīmārjuna-samā yudhi	अत्र शूरा महेष्वासा भीमार्जुनसमा युधि
1.04	2	śūrāḥ	शूराः	śūra		1n.3 m.	the heroes	герои		
1.04	3	maheṣv-āsāḥ	महेष्वासाः	mahā-iṣu-āsa	√mah	1n.3 m.	those who have great bows	меткие лучники		
1.04	4	bhīmārjuna-samāḥ	भीमार्जुनसमाः	bhīma-arjuna-sama	√bhī	1n.3 m.	who are equal to Bhīma and Arjuna	Бхиме и Арджуне равные		
1.04	5	yudhi	युधि	yudh	√yudh	7n.1 f.	in battle	в бою		
1.04	6	yuyudhānaḥ	युयुधानः	yuyudhāna	√yudh	1n.1 m.	eager to fight, Yuyudhāna = Sātyaki	Ююдхана		
1.04	7	virāṭaḥ	विराटः	virāṭa	√rāj	1n.1 m.	brilliant, reighning, Virāṭa	Вирата		
1.04	8	ca	च​	ca		av.	and	также		
1.04	9	drupadaḥ	द्रुपदः	dru-pada	√dru	1n.1 m.	pillar, column or a rapid step, Drupada	Друпада		
1.04	10	ca	च​	ca		av.	and	также		
1.04	11	mahā-rathaḥ	महारथः	mahā-ratha	√mah	1n.1 m.	who has a great chariot	великий воин.		
1.05	1	dhṛṣṭa-ketuḥ	धृष्टकेतुः	dhṛṣṭa-ketu	√dhṛṣ	1n.1 m.	bold leader, Dhṛṣṭaketu	Дхриштакету	dhṛṣṭa-ketuś cekitānaḥ kāśi-rājaś ca vīryavān	धृष्टकेतुश्चेकितानः काशिराजश्च वीर्यवान्
1.05	2	cekitānaḥ	चेकितानः	cekitāna	√cit	1n.1 m.	highly intelligent, Cekitāna	Чекитана		
1.05	3	kāśi-rājaḥ	काशिराजः	kāśi-rāja	√raj	1n.1 m.	king of Kaśi	Кашираджа		
1.05	4	ca	च​	ca		av.	and	и		
1.05	5	vīryavān	वीर्यवान्	vīrya-vant		1n.1 m.	having strenght, valorous	могучий		
1.05	6	purujit	पुरुजित्	puru-jit		1n.1 m.	conquering widely, Purujit	Пуруджит		
1.05	7	kunti-bhojaḥ	कुन्तिभोजः	kunti-bhoja	√bhuj	1n.1 m.	ruler of the Kunti land	Кунтибходжа		
1.05	8	ca	च​	ca		av.	and	и		
1.05	9	śaibyaḥ	शैब्यः	śaibya		1n.1 m.	ruler of the Śibi land	Шайбья		
1.05	10	ca	च​	ca		av.	and	и		
1.05	11	nara-puṁgavaḥ	नरपुञ्गवः	nara-puṅgava		1n.1 m.	bull among men, best of men	герой среди людей.		
1.06	1	yudhā-manyuḥ	युधामन्युः	yudhā-manyu	√yudh	1n.1 m.	fighting with spirit, Yudhāmanyu	Юдхаманью	yudhā-manyuś ca vikrānta uttamaujāś ca vīryavān	युधामन्युश्च विक्रान्त उत्तमौजाश्च वीर्यवान्
1.06	2	ca	च​	ca		av.	and	и		
1.06	3	vikrāntaḥ	विक्रान्तः	vikrānta	√kram	PP 1n.1 m.	courageous	могучий		
1.06	4	uttamaujāḥ	उत्तमौजाः	uttama-ojas		1n.1 m.	supreme strenght, Uttamaujās	Уттамауджа		
1.06	5	ca	च​	ca		av.	and	и		
1.06	6	vīryavān	वीर्यवान्	vīrya-vant		1n.1 m.	having strenght, valorous	обладающий необыкновенной силой		
1.06	7	saubhadraḥ	सौभद्रः	saubhadra		1n.1 m.	the son of Subhadra Abhimanyu	сын Субхадры		
1.06	8	draupadeyāḥ	द्रौपदेयाः	draupadeya		1n.3 m.	the sons of Draupadī	сыновья Драупади		
1.06	9	ca	च​	ca		av.	and	и		
1.06	10	sarve	सर्वे	sarva		sn. 1n.3 m.	all	все		
1.06	11	eva	एव​	eva		av.	certainly, just, merely	безусловно		
1.06	12	mahā-rathāḥ	महारथाः	mahā-ratha	√mah	1n.3 m.	those who have great chariots	великие воины, сражающиеся на колесницах.		
1.07	1	asmākam	अस्माकम्	asmat		sn. 6n.3	our	наши	asmākaṃ tu viśiṣṭā ye tān nibodha dvijottama	अस्माकं तु विशिष्टा ये तान्निबोध द्विजोत्तम
1.07	2	tu	तु	tu		av.	but, then, or, and	но		
1.07	3	viśiṣṭāḥ	विशिष्टाः	viśiṣṭa	√śiṣ	PP 1n.3 m.	excellent, distinguished	необыкновенно могущественные		
1.07	4	ye	ये	yat		sn. 1n.3 m.	those who	которые		
1.07	5	tān	तान्	tat		sn. 2n.3 m.	them	их		
1.07	6	nibodha	निबोध​	ni-√budh	√budh	Imperat. P 2v.1	you must know	узнай же		
1.07	7	dvijottama	द्विजोत्तम​	dvi-ja-uttama		8n.1 m.	O best among twiceborn	о лучший из брахманов		
1.07	8	nāyakāḥ	नायकाः	nāyaka	√nī	1n.3 m.	leaders	военачальники		
1.07	9	mama	मम​	asmat		sn. 6n.1	my	мои		
1.07	10	sainyasya	सैन्यस्य​	sainya		6n.1 m.	of the army, of that which is related to army	войска		
1.07	11	saṁjñā-artham	सञ्ज्ञाअर्थम्	saṁjñā-artham	√jñā	av.	for the sake of good understanding	к сведению		
1.07	12	tān	तान्	tat		sn. 2n.3 m.	them	их		
1.07	13	bravīmi	ब्रवीमि	√brū	√brū	Praes. P 3v.1	I speak	называю		
1.07	14	te	ते	yuṣmat		sn. 6n.1	of your	тебе.		
1.08	1	bhavān	भवान्	bhavant	√bhū	1n.1 m.	your honour	ты (досточтимый)	bhavān bhīṣmaś ca karṇaś ca kṛpaś ca samitiṃ-jayaḥ	भवान्भीष्मश्च कर्णश्च कृपश्च समितिञ्जयः
1.08	2	bhīṣmaḥ	भीष्मः	bhīṣma	√bhī	1n.1 m.	frightful, Bhīṣma	Бхишма		
1.08	3	ca	च​	ca		av.	and	и		
1.08	4	karṇaḥ	कर्णः	karṇa	√karṇ	1n.1 m.	ear, Karṇa	Карна		
1.08	5	ca	च​	ca		av.	and	и		
1.08	6	kṛpaḥ	कृपः	kṛpa	√kṛp	1n.1 m.	pity, compassion, Kṛpa	Крипа		
1.08	7	ca	च​	ca		av.	and	и		
1.08	8	samitiṁ-jayaḥ	समितिञ्जयः	samitiṁ-jaya	√i	1n.1 m.	who conquers the assembly	побеждающий		
1.08	9	aśvatthāmā	अश्वत्थामा	aśva-sthā-man	√sthā	1n.1 m.	having the strenght of a horse, Aśvatthāman	Ашваттхама		
1.08	10	vikarṇaḥ	विकर्णः	vi-karṇa	√karṇ	1n.1 m.	earless, Vikarṇa	Викарна		
1.08	11	ca	च​	ca		av.	and	а также		
1.08	12	saumadattiḥ	सौमदत्तिः	sauma-datti	√dā	1n.1 m.	son of Somadatta – Bhūriśravas	сын Сомадатты		
1.08	13	tathā	तथा	tathā		av.	in that manner, so, in like manner	также		
1.08	14	eva	एव​	eva		av.	certainly, just, merely	конечно		
1.08	15	ca	च​	ca		av.	and	и.		
1.09	1	anye	अन्ये	anya		sn. 1n.3 m.	others	другие	anye ca bahavaḥ śūrā mad-arthe tyakta-jīvitāḥ	अन्ये च बहवः शूरा मदर्थे त्यक्तजीविताः
1.09	2	ca	च​	ca		av.	and	также		
1.09	3	bahavaḥ	बहवः	bahu		1n.3 m.	many	многие		
1.09	4	śūrāḥ	शूराः	śūra		1n.3 m.	the heroes	герои		
1.09	5	mad-arthe	मदर्थे	mad-artha	√arth	7n.1 m.	for my sake, for my purpose	за меня		
1.09	6	tyakta-jīvitāḥ	त्यक्तजीविताः	tyakta-jīvita	√tyaj	1n.3 m.	those who have decided to give up their lives	готовые отдать жизнь		
1.09	7	nānā-śastra-praharaṇāḥ	नानाशस्त्रप्रहरणाः	nānā-śastra-praharaṇa	√śas	1n.3 m.	those who wield various weapons	многими видами оружия вооруженные		
1.09	8	sarve	सर्वे	sarva		sn. 1n.3 m.	they all	все		
1.09	9	yuddha-viśāradāḥ	युद्धविशारदाः	yuddha-viśārada	√yudh	1n.3 m.	proficient in battle	опытные в военном деле.		
1.10	1	aparyāptam	अपर्याप्तम्	a-pari-āpta	√āp	PP 1n.1 n.	unobtained: unlimited or insufficient	неизмерима	aparyāptaṃ tad asmākaṃ balaṃ bhīṣmābhirakṣitam	अपर्याप्तं तदस्माकं बलं भीष्माभिरक्षितम्
1.10	2	tat	तत्	tat		sn. 1n.1 n.	that	та		
1.10	3	asmākam	अस्माकम्	asmat		6n.3	our	наша		
1.10	4	balam	बलम्	bala		1n.1 n.	force, army	сила		
1.10	5	bhīṣmābhirakṣitam	भीष्माभिरक्षितम्	bhīṣma-abhi-rakṣita	√bhī	1n.1 n.	on all sides protected by Bhīṣma	Бхишмой надежно защищенная		
1.10	6	paryāptam	पर्याप्तम्	pari-āpta	√āp	PP 1n.1 n.	obtained: limited or sufficient	ограниченна		
1.10	7	tu	तु	tu		av.	but, then, or, and	но		
1.10	8	idam	इदम्	idam		sn. 1n.1 n.	this	эта		
1.10	9	eteṣām	एतेषाम्	etat		sn. 6n.3 m.	their	(этих) Пандавов		
1.10	10	balam	बलम्	bala		1n.1 n.	force, army	сила		
1.10	11	bhīmābhirakṣitam	भीमाभिरक्षितम्	bhīma-abhi-rakṣita	√bhī	1n.1 n.	on all sides protected by Bhīma	Бхимой хорошо защищенная		
1.11	1	ayaneṣu	अयनेषु	ayana		7n.3 n.	on the paths	на стратегических позициях	ayaneṣu ca sarveṣu yathā bhāgam avasthitāḥ	अयनेषु च सर्वेषु यथाभागमवस्थिताः
1.11	2	ca	च​	ca		av.	and	также		
1.11	3	sarveṣu	सर्वेषु	sarva		sn. 7n.3 n.	on all	на всех		
1.11	4	yathā bhāgam	यथाभागम्	yathā bhāgam		av.	according to the division	раздельно		
1.11	5	avasthitāḥ	अवस्थिताः	avasthita	√sthā	PP 1n.3 m.	arrayed, placed	находящиеся		
1.11	6	bhīṣmam	भीष्मम्	bhīṣma	√bhī	2n.1 m.	frightful, Bhīṣma	Бхишме		
1.11	7	eva	एव​	eva		av.	certainly, just, merely	безусловно		
1.11	8	abhirakṣantu	अभिरक्षन्तु	abhi-√rakṣ	√rakṣ	Imperat. P 1v.3	they must protect	пусть оказывают поддержку		
1.11	9	bhavantaḥ	भवन्तः	bhavant	√bhū	1n.3 m.	your honours	вы (досточтимые)		
1.11	10	sarve	सर्वे	sarva		sn. 1n.3 m.	all	все		
1.11	11	eva	एव​	eva		av.	certainly, just, merely	обязательно.		
1.11	12	hi	हि	hi		av.	because, just, indeed, surely	обязательно.		
1.12	1	tasya	तस्य​	tat		sn. 6n.1 m.	his	его	tasya saṃjanayan harṣaṃ kuru-vṛddhaḥ pitā-mahaḥ	तस्य संजनयन्हर्षं कुरुवृद्धः पितामहः
1.12	2	saṁjanayan	सञ्जनयन्	sam-janayant	√jan	PPr caus.1n.1 m.	causing to be born, generating	усиливающий		
1.12	3	harṣaṁ	हर्षञ्	harṣa	√hṛṣ	2n.1 m.	joy	радость		
1.12	4	kuru-vṛddhaḥ	कुरुवृद्धः	kuru-vṛddha	√vṛdh	1n.1 m.	the eldest of the Kurus	старейшина рода Куру (Бхишма)		
1.12	5	pitā-mahaḥ	पितामहः	pitā-maha	√mah	1n.1 m.	grandfather	дед		
1.12	6	siṁha-nādam	सिञ्हनादम्	siṁha-nāda	√nad	2n.1 m.	a roar like a lion’s	раскатистый звук, подобный рычанию льва		
1.12	7	vinadya	विनद्य​	vi-√nad	√nad	absol.	roaring	издав		
1.12	8	uccaiḥ	उच्चैः	uccaiḥ		av.	loudly	очень громко		
1.12	9	śaṅkham	शङ्खम्	śaṅkha		2n.1 m.	conchshell	в раковину		
1.12	10	dadhmau	दध्मौ	√dhmā	√dhmā	Perf. P 1v.1	he blew	протрубил		
1.12	11	pratāpavān	प्रतापवान्	pratāpa-vant	√tap	1n.1 m.	who has power, majesty	доблестный.		
1.13	1	tataḥ	ततः	tataḥ		av.	then, after that, from that, for that reason	затем	tataḥ śaṅkhāś ca bheryaś ca paṇavānaka-gomukhāḥ	ततः शङ्खाश्च भेर्यश्च पणवानकगोमुखाः
1.13	2	śaṅkhāḥ	शङ्खाः	śaṅkha		1n.3 m.	conchshells	раковины		
1.13	3	ca	च​	ca		av.	and	также		
1.13	4	bheryaḥ	भेर्यः	bherī		1n.3 f.	kettle-drums	большие барабаны		
1.13	5	ca	च​	ca		av.	and	и		
1.13	6	paṇavānaka-gomukhāḥ	पणवानकगोमुखाः	paṇava-ānaka-gomukha		1n.3 m.	accompanying small drums, large drums, horns	маленькие барабаны и литавры и рожки		
1.13	7	sahasā	सहसा	sahasā	√sah	av.	suddenly, forcibly	неожиданно		
1.13	8	eva	एव​	eva		av.	certainly, just, merely	безусловно		
1.13	9	abhyahanyanta	अभ्यहन्यन्त​	abhi-√han	√han	Imperf. pass. 1v.3	they were struck, they were sounded	одновременно зазвучали		
1.13	10	saḥ	सः	tat		sn. 1n.1 m.	that	этот		
1.13	11	śabdaḥ	शब्दः	śabda		1n.1 m.	sound	звук		
1.13	12	tumulaḥ	तुमुलः	tumula		1n.1 m.	tumultuous, piercing	громоподобный		
1.13	13	abhavat	अभवत्	√bhū	√bhū	Imperf. P 1v.1	it was	был.		
1.14	1	tataḥ	ततः	tataḥ		av.	then, after that, from that, for that reason	затем	tataḥ śvetair hayair yukte mahati syandane sthitau	ततः श्वेतैर्हयैर्युक्ते महति स्यन्दने स्थितौ
1.14	2	śvetaiḥ	श्वेतैः	śveta		3n.3 m.	with white	белыми		
1.14	3	hayaiḥ	हयैः	haya		3n.3 m.	with horses	лошадьми		
1.14	4	yukte	युक्ते	yukta	√yuj	PP 7n.1 m.	yoked	на запряженной		
1.14	5	mahati	महति	mahant	√mah	7n.1 m.	on great	на великолепной		
1.14	6	syandane	स्यन्दने	syandana	√syand	7n.1 m.	on a war-chariot, on a swiftly moving chariot	на колеснице		
1.14	7	sthitau	स्थितौ	sthita	√sthā	PP 1n.2 m.	those two standing	находившиеся		
1.14	8	mādhavaḥ	माधवः	mādhava		1n.1 m.	descendant of king Madhu	Кришна (супруг богини удачи)		
1.14	9	pāṇḍavaḥ	पाण्डवः	pāṇḍava		1n.1 m.	son of Pāṇḍu	сын Панду (Арджуна)		
1.14	10	ca	च​	ca		av.	and	также		
1.14	11	eva	एव​	eva		av.	certainly, just, merely	безусловно		
1.14	12	divyau	दिव्यौ	divya	√div	2n.2 m.	two divine	в божественные		
1.14	13	śaṅkhau	शङ्खौ	śaṅkha		2n.2 m.	two conchshells	раковины		
1.14	14	pradadhmatuḥ	प्रदध्मतुः	pra-√dhmā	√dhmā	Perf. P 1v.2	they two blew	подули.		
1.15	1	pāñca-janyam	पाञ्चजन्यम्	pāñca-janya		2n.1 m.	of Pañcajana, obtained form the demon Pañcajana	в раковину, называемую Панчаджаньей	pāñcajanyaṃ hṛṣīkeśo devadattaṃ dhanaṃjayaḥ	पाञ्चजन्यं हृषीकेशो देवदत्तं धनंजयः
1.15	2	hṛṣīkeśaḥ	हृषीकेशः	hṛṣīkeśa	√hṛṣ	1n.1 m.	erect hair, Hṛṣīkeśa	Хришикеша (Господь Кришна, повелевающий чувствами Своих преданных)		
1.15	3	deva-dattam	देवदत्तम्	deva-datta	√div	1n.1 m.	given by the gods, Devadatta	в раковину, называемую Девадаттой		
1.15	4	dhanaṁjayaḥ	धनञ्जयः	dhanaṁ-jaya	√ji	1n.1 m.	winner of wealth, Dhanaṁjaya	Дхананджая (Арджуна, завоеватель богатств)		
1.15	5	pauṇḍram	पौण्ड्रम्	pauṇḍra		2n.1 m.	of Puṇḍra	в раковину, называемую Паундрой		
1.15	6	dadhmau	दध्मौ	√dhmā	√dhmā	Perf. P 1v.1	he blew	подул		
1.15	7	mahā-śaṅkham	महाशङ्खम्	mahā-śaṅkha	√mah	2n.1 m.	great conchshell	в огромную раковину		
1.15	8	bhīma-karmā	भीमकर्मा	bhīma-karman	√bhī	1n.1 m.	one whose acts are frightful	совершающий богатырские подвиги		
1.15	9	vṛkodaraḥ	वृकोदरः	vṛka-udara		1n.1 m.	one who has a belly like a wolf’s	ненасытный едок (Бхима).		
1.16	1	ananta-vijayam	अनन्तविजयम्	ananta-vijaya	√ji	2n.1 m.	one whose victory is without end	в раковину Анантавиджаю	anantavijayaṃ rājā kuntī-putro yudhiṣṭhiraḥ	अनन्तविजयं राजा कुन्तीपुत्रो युधिष्ठिरः
1.16	2	rājā	राजा	rājan	√raj	1n.1 m.	king	царь		
1.16	3	kuntī-putraḥ	कुन्तीपुत्रः	kuntī-putra	√puṣ	1n.1 m.	son of Kuntī	сын Кунти		
1.16	4	yudhiṣṭhiraḥ	युधिष्ठिरः	yudhi-sthira	√yudh	1n.1 m.	firm in battle	Юдхиштхира		
1.16	5	nakulaḥ	नकुलः	nakula		1n.1 m.	mongoose, Nakula	Накула		
1.16	6	sahadevaḥ	सहदेवः	saha-deva	√div	1n.1 m.	companion of gods, Sahadeva	Сахадева		
1.16	7	ca	च​	ca		av.	and	и		
1.16	8	sughoṣa-maṇi-puṣpakau	सुघोषमणिपुष्पकौ	su-ghoṣa-maṇi-puṣpaka	√ghuṣ	2n.2 m.	Excellent Sound and Jewel-flower	в раковины Сугхошу и Манипушпаку		
1.17	1	kāśyaḥ	काश्यः	kāśya		1n.1 m.	ruler of Kaśi	царь Каши (Варанаси)	kāśyaś ca parameṣv-āsaḥ śikhaṇḍī ca mahā-rathaḥ	काश्यश्च परमेष्वासः शिखण्डी च महारथः
1.17	2	ca	च​	ca		av.	and	и		
1.17	3	parameṣvāsaḥ	परमेष्वासः	parama-iṣu-āsa	√as	1n.1 m.	one who has the best bow	великий лучник		
1.17	4	śikhaṇḍī	शिखण्डी	śikhaṇḍin	√śi	1n.1 m.	crested one	Шикханди		
1.17	5	ca	च​	ca		av.	and	также		
1.17	6	mahā-rathaḥ	महारथः	mahā-ratha	√mah	1n.1 m.	who has a great chariot	тот, кто может в одиночку сражаться с тысячами воинов		
1.17	7	dhṛṣṭa-dyumnaḥ	धृष्टद्युम्नः	dhṛṣṭa-dyumna	√dhṛṣ	1n.1 m.	bold power	Дхриштадьюмна (сын царя Друпады)		
1.17	8	virāṭaḥ	विराटः	virāṭa	√rāj	1n.1 m.	reigning	Вирата (царь, давший приют Пандавам, когда они вынуждены были скрываться)		
1.17	9	ca	च​	ca		av.	and	также		
1.17	10	sātyakiḥ	सात्यकिः	sātyaki		1n.1 m.	whose nature is truth	Сатьяки (другое имя Ююдханы, колесничего Господа Кришны)		
1.17	11	ca	च​	ca		av.	and	и		
1.17	12	aparā-jitaḥ	अपराजितः	a-parā-jita	√ji	PP 1n.1 m.	invincible	непобедимый		
1.18	1	drupadaḥ	द्रुपदः	dru-pada	√dru	1n.1 m.	pillar, column or a sudden step	Друпада, царь Панчалы	drupado draupadeyāś ca sarvaśaḥ pṛthivīpate	द्रुपदो द्रौपदेयाश्च सर्वशः पृथिवीपते
1.18	2	draupadeyāḥ	द्रौपदेयाः	draupadeya	√dru	1n.3 m.	sons of Drupada’s daughter	сыновья Драупади		
1.18	3	ca	च​	ca		av.	and	также		
1.18	4	sarvaśaḥ	सर्वशः	sarvaśaḥ		av.	all, whole	всюду		
1.18	5	pṛthivīpate	पृथिवीपते	pṛthivī-pati	√pṛth	8n.1 m.	O lord of the earth	о царь		
1.18	6	saubhadraḥ	सौभद्रः	saubhadra		1n.1 m.	son of Subhadrā	Абхиманью, сын Субхадры		
1.18	7	ca	च​	ca		av.	and	также		
1.18	8	mahā-bāhuḥ	महाबाहुः	mahā-bāhu	√mah	1n.1 m.	who has mighty arms	могучерукий		
1.18	9	śaṅkhān	शङ्खान्	śaṅkha		2n.3 m.	conchshells	в раковины		
1.18	10	dadhmuḥ	दध्मुः	√dhmā	√dhmā	Perf. P 1v.3	they blew	затрубили		
1.18	11	pṛthak pṛthak	पृथक्पृथक्	pṛthak pṛthak	√pṛth	av.	separately, singly, one by one	каждый в отдельности.		
1.19	1	saḥ	सः	tat		sn. 1n.1 m.	that	тот	sa ghoṣo dhārtarāṣṭrāṇāṃ hṛdayāni vyadārayat	स घोषो धार्तराष्ट्राणां हृदयानि व्यदारयत्
1.19	2	ghoṣaḥ	घोषः	ghoṣa	√ghuṣ	1n.1 m.	noise	звук		
1.19	3	dhārtarāṣṭrāṇām	धार्तराष्ट्राणाम्	dhārtarāṣṭra	√dhṛ	6n.3 m.	of the sons of Dhṛtarāṣṭra	сыновей Дхритараштры		
1.19	4	hṛdayāni	हृदयानि	hṛdaya		2n.3 n.	the hearts	сердца		
1.19	5	vyadārayat	व्यदारयत्	vi-√dṝ	√dṝ	Imperf. caus. P 1v.1	it caused to break	заставил содрогнуться		
1.19	6	nabhaḥ	नभः	nabhas		2n.1 n.	the sky	небо		
1.19	7	ca	च​	ca		av.	and	также		
1.19	8	pṛthivīm	पृथिवीम्	pṛthivī	√pṛth	2n.1 f.	the earth	поверхность земли		
1.19	9	ca	च​	ca		av.	and	также		
1.19	10	eva	एव​	eva		av.	certainly, just, merely	безусловно		
1.19	11	tumulaḥ	तुमुलः	tumula		1n.1 m.	tumultuous	громоподобный		
1.19	12	vyanunādayan	व्यनुनादयन्	vi-anu-nādayant	√nad	PPr caus.1n.1 m.	causing to vibrate	оглашающий.		
1.20	1	atha	अथ​	atha		av.	then, now, moreover, certainly, rather	тогда	atha vyavasthitān dṛṣṭvā dhārtarāṣṭrān kapi-dhvajaḥ	अथ व्यवस्थितान् दृष्ट्वा धार्तराष्ट्रान्कपिध्वजः
1.20	2	vyavasthitān	व्यवस्थितान्	vi-ava-sthita	√sthā	PP 2n.3 m.	arrayed	выстроенных		
1.20	3	dṛṣṭvā	दृष्ट्वा	√dṛś	√dṛś	absol.	after seeing	оглядев		
1.20	4	dhārtarāṣṭrān	धार्तराष्ट्रान्	dhārtarāṣṭra	√dhṛ	2n.3 m.	of the sons of Dhṛtarāṣṭra	сыновей Дхритараштры		
1.20	5	kapi-dhvajaḥ	कपिध्वजः	kapi-dhvaja		1n.1 m.	one whose banner is a monkey	тот, чей флаг был украшен изображением Ханумана		
1.20	6	pravṛtte	प्रवृत्ते	pra-vṛtta	√vṛt	PP 7n.1 m. loc.abs.	when it began	когда был готов		
1.20	7	śastra-saṁpāte	शस्त्रसञ्पाते	śastra-saṁpāta	√śas	m. 7n.1 loc.abs.	falling of weapons	пускать стрелы		
1.20	8	dhanuḥ	धनुः	dhanuḥ		2n.1 n.	a bow	лук		
1.20	9	udyamya	उद्यम्य​	ud-√yam	√yam	absol.	after raising	вскинув		
1.20	10	pāṇḍavaḥ	पाण्डवः	pāṇḍava		1n.1 m.	son of Pāṇḍu	сын Панду (Арджуна)		
1.21	1	arjunaḥ	अर्जुनः	arjuna		1n.1 m.	white, clear, Arjuna	Арджуна	arjuna uvāca	अर्जुन उवाच
1.21	2	uvāca	उवाच​	√vac	√vac	Perf. P 1v.1	he spoke	сказал		
1.21	3	hṛṣīkeśam	हृषीकेशम्	hṛṣīkeśa	√hṛṣ	2n.1 m.	to Hṛṣīkeśa, to one with erect hair	Господу Кришне		
1.21	4	tadā	तदा	tadā		av.	then	тогда		
1.21	5	vākyam	वाक्यम्	vākya	√vac	PF 2n.1 n.	word, the speech	речь		
1.21	6	idam	इदम्	idam		2n.1 n.	this	эту		
1.21	7	āha	आह​	√ah	√ah	Perf. P 1v.1	he spoke	произнес		
1.21	8	mahī-pate	महीपते	mahī-pati	√mah	8n.1 m.	O lord of the earth	о царь.		
1.21	9	senayoḥ	सेनयोः	senā		6n.2 f.	of the two armies	армий		
1.21	10	ubhayoḥ	उभयोः	ubhā		sn. 6n.2 f.	of both	двух		
1.21	11	madhye	मध्ये	madhya		7n.1 n.	in the middle, inside	между		
1.21	12	ratham	रथम्	ratha		2n.1 m.	chariot	колесницу		
1.21	13	sthāpaya	स्थापय​	√sthā	√sthā	Imperat. caus. P 2v.1	cause to stand	останови		
1.21	14	me	मे	asmat		sn. 6n.1	my	мою		
1.21	15	acyuta	अच्युत​	a-cyuta	√cyu	PP 8n.1 m.	O unfailling one	о непогрешимый		
1.22	1	yāvat	यावत्	yāvat		av.	as long as, as great	пока	yāvad etān nirīkṣe ‘haṃ yoddhu-kāmān avasthitān	यावदेतान्निरीक्षेऽहं योद्धुकामानवस्थितान्
1.22	2	etān	एतान्	etat		sn. 2n.3 m.	these	на этих		
1.22	3	nirīkṣe	निरीक्षे	nir-√īkṣ	√īkṣ	Praes. Ā 3v.1	I look at	гляжу		
1.22	4	aham	अहम्	asmat		sn. 1n.1	I	я		
1.22	5	yoddhu-kāmān	योद्धुकामान्	yoddhu-kāma	√yudh	2n.3 m.	those who are eager to fight	желающих сражаться		
1.22	6	avasthitān	अवस्थितान्	ava-sthita	√sthā	PP 2n.3 m.	arrayed	выстроившихся на поле боя		
1.22	7	kaiḥ	कैः	kim		sn. 3n.3 m.	with whom	с которыми		
1.22	8	mayā	मया	asmat		sn. 3n.1	by me	мной		
1.22	9	saha	सह​	saha		av.	along with	вместе		
1.22	10	yoddhavyam	योद्धव्यम्	yoddhavya	√yudh	PF 1n.1 n.	to be fought with	необходимость сражаться		
1.22	11	asmin	अस्मिन्	idam		sn. 7n.1 m.	in this	в этой		
1.22	12	raṇa-samudyame	रणसमुद्यमे	raṇa-sam-ud-yama	√raṇ	7n.1 m.	in the engagement in battle	битвы в попытке.		
1.23	1	yotsyamānān	योत्स्यमानान्	yotsyamāna	√yudh	PPr Fut. 2n.3 m.	those who will be fighting	на тех, кто будет сражаться	yotsyamānān avekṣe ‘haṃ ya ete ‘tra samāgatāḥ	योत्स्यमानानवेक्षेऽहं य एतेऽत्र समागताः
1.23	2	avekṣe	अवेक्षे	ava-√īkṣ	√īkṣ	Praes. Ā 3v.1	I look at	смотрю		
1.23	3	aham	अहम्	asmat		sn. 1n.1	I	я		
1.23	4	ye	ये	yat		sn. 1n.3 m.	those who	которые		
1.23	5	ete	एते	etat		sn. 1n.3 m.	these	эти		
1.23	6	atra	अत्र​	atra		av.	here	здесь		
1.23	7	samāgatāḥ	समागताः	sam-āgata	√gam	PP 1n.3 m.	who are assembled	собравшиеся		
1.23	8	dhārtarāṣṭrasya	धार्तराष्ट्रस्य​	dhārtarāṣṭra	√dhṛ	6n.1 m.	of the son of Dhṛtarāṣṭra	сына царя Дхритараштры		
1.23	9	durbuddheḥ	दुर्बुद्धेः	dur-buddhi	√budh	6n.1 m.	of one with bad intelligence, of avi-minded	злонравного		
1.23	10	yuddhe	युद्धे	yuddha	√yudh	7n.1 n.	in battle	в битве		
1.23	11	priya-cikīrṣavaḥ	प्रियचिकीर्षवः	priya-cikīrṣu	√prī	3n.1 m.	those who desire to please	успеха желающие.		
1.24	1	saṁjayaḥ	सञ्जयः	sam-jaya	√ji	1n.1 m.	conquest, complete victory, Saṁjaya	Санджая	saṃjaya uvāca	सञ्जय उवाच
1.24	2	uvāca	उवाच​	√vac	√vac	Perf. P 1v.1	he spoke	сказал		
1.24	3	evam	एवम्	evam		av.	thus	таким образом		
1.24	4	uktaḥ	उक्तः	ukta	√vac	PP 1n.1 m.	who is spoken to	тот, к которому была обращена просьба		
1.24	5	hṛṣīkeśaḥ	हृषीकेशः	hṛṣīkeśa	√hṛṣ	1n.1 m.	erect hair, Hṛṣīkeśa	Господь Кришна		
1.24	6	guḍākeśena	गुडाकेशेन​	guḍākeśa	√xīś	3n.1 m.	by one with thick hair	Арджуны		
1.24	7	bhārata	भारत​	bhārata		8n.1 m.	O descendant of Bhārata	о потомок Бхараты		
1.24	8	senayoḥ	सेनयोः	senā		6n.2 f.	of the two armies	армий		
1.24	9	ubhayoḥ	उभयोः	ubhā		sn. 6n.2 f.	of both	двух		
1.24	10	madhye	मध्ये	madhya		7n.1 n.	in the middle, inside	между		
1.24	11	sthāpayitvā	स्थापयित्वा	√sthā	√sthā	absol. caus.	after causing to stand	поставив		
1.24	12	rathottamam	रथोत्तमम्	ratha-uttama		2n.1 m.	the excellent chariot	чудесную колесницу.		
1.25	1	bhīṣma-droṇa-pramukhataḥ	भीष्मद्रोणप्रमुखतः	bhīṣma-droṇa-pramukhatas	√bhī	av.	in front of Bhīṣma and Droṇa	деда Бхишмы-учителя Дроны-перед лицом	bhīṣma-droṇa-pramukhataḥ sarveṣāṃ ca mahīkṣitām	भीष्मद्रोणप्रमुखतः सर्वेषां च महीक्षिताम्
1.25	2	sarveṣām	सर्वेषाम्	sarva		sn. 6n.3 m.	of all these	всех		
1.25	3	ca	च​	ca		av.	and	также		
1.25	4	mahī-kṣitām	महीक्षिताम्	mahī-kṣit	√mah	6n.3 m.	of those who rule the earth	повелителей мира		
1.25	5	uvāca	उवाच​	√vac	√vac	Perf. P 1v.1	he spoke	сказал		
1.25	6	pārtha	पार्थ​	pārtha	√pṛth	8n.1 m.	O son of Pṛthā	о сын Притхи		
1.25	7	paśya	पश्य​	√dṛś	√dṛś	Imperat. P 2v.1	you must see	взгляни же		
1.25	8	etān	एतान्	etat		sn. 2n.3 m.	these	на этих		
1.25	9	samavetān	समवेतान्	samaveta	√i	PP 2n.3 m.	those who are assembled	собравшихся		
1.25	10	kurūn	कुरून्	kuru		2n.3 m.	members of the Kuru dynasty	членов рода Куру		
1.25	11	iti	इति	iti		av.	thus	так.		
1.26	1	tatra	तत्र​	tatra		av.	there	там	tatrāpaśyat sthitān pārthaḥ pitṝn atha pitā-mahān	तत्रापश्यत्स्थितान्पार्थः पितृ़नथ पितामहान्
1.26	2	apaśyat	अपश्यत्	√dṛś	√dṛś	Imperf. P 1v.1	he saw	увидел		
1.26	3	sthitān	स्थितान्	sthita	√sthā	PP 2n.3 m.	situated	стоящих		
1.26	4	pārthaḥ	पार्थः	pārtha	√pṛth	1n.1 m.	son of Pṛthā	Арджуна		
1.26	5	pitṝn	पित्ṝन्	pitṛ		2n.3 m.	fathers	отцов		
1.26	6	atha	अथ​	atha		av.	then, now, moreover, certainly, rather	также		
1.26	7	pitā-mahān	पितामहान्	pitā-maha	√mah	2n.3 m.	grandfathers	дедов		
1.26	8	ācāryān	आचार्यान्	ācārya	√car	2n.3 m.	teachers	учителей		
1.26	9	mātulān	मातुलान्	mātula		2n.3 m.	maternal uncles	дядьев по матери		
1.26	10	bhrātṝn	भ्रात्ṝन्	bhrātṛ		2n.3 m.	brothers	братьев		
1.26	11	putrān	पुत्रान्	putra	√puṣ	2n.3 m.	sons	сыновей		
1.26	12	pautrān	पौत्रान्	pautra	√puṣ	2n.3 m.	grandsons	внуков		
1.26	13	sakhīn	सखीन्	sakhi	√sac	2n.3 m.	friends	друзей		
1.26	14	tathā	तथा	tathā		av.	in that manner, so, in like manner	также		
1.27	1	śvaśurān	श्वशुरान्	śvaśura		2n.3 m.	fathers-in-law	тестей	śvaśurān suhṛdaś caiva senayor ubhayor api	श्वशुरान्सुहृदश्चैव सेनयोरुभयोरपि
1.27	2	suhṛdaḥ	सुहृदः	su-hṛd		2n.3 m.	well-wishers	доброжелателей		
1.27	3	ca	च​	ca		av.	and	также		
1.27	4	eva	एव​	eva		av.	certainly, just, merely	безусловно		
1.27	5	senayoḥ	सेनयोः	senā		7n.2 f.	in the two armies	армий		
1.27	6	ubhayoḥ	उभयोः	ubhā		sn. 7n.2 f.	in both	обеих (враждующих сторон)		
1.27	7	api	अपि	api		av.	although, moreover, besides, even	также.		
1.27	8	tān	तान्	tat		sn. 2n.3 m.	them	их		
1.27	9	samīkṣya	समीक्ष्य​	sam-√īkṣ	√īkṣ	absol.	after seeing	увидев		
1.27	10	saḥ	सः	tat		sn. 1n.1 m.	he	он		
1.27	11	kaunteyaḥ	कौन्तेय​:	kaunteya		1n.1 m.	son of Kuntī	сын Кунти		
1.27	12	sarvān	सर्वान्	sarva		sn. 2n.3 m.	all	всех		
1.27	13	bandhūn	बन्धून्	bandhu	√bandh	2n.3 m.	relatives	родственников		
1.27	14	avasthitān	अवस्थितान्	avasthita	√sthā	PP 2n.3 m.	who are arrayed	находящихся		
1.28	1	arjunaḥ	अर्जुनः	arjuna		1n.1 m.	white, clear, Arjuna	Арджуна	arjuna uvāca	अर्जुन उवाच
1.28	2	uvāca	उवाच​	√vac	√vac	Perf. P 1v.1	he spoke	сказал		
1.28	3	kṛpayā	कृपया	kṛpā	√kṛp	3n.1 f.	with pity, compassion	состраданием		
1.28	4	parayā	परया	parā		3n.1 f.	with great	огромным		
1.28	5	āviṣṭaḥ	आविष्टः	āviṣṭa	√viś	PP 1n.1 m.	filled, subject to	преисполненный		
1.28	6	viṣīdan	विषीदन्	viṣīdant	√sad	PPr act. 1n.1 m.	grieving	сокрушающийся		
1.28	7	idam	इदम्	idam		sn. 2n.1 n.	this	это		
1.28	8	abravīt	अब्रवीत्	√brū	√brū	Imperf. 1v.1 P	he spoke;	сказал.		
1.28	9	dṛṣṭvā	दृष्ट्वा	√dṛś	√dṛś	absol.	after seeing	увидев		
1.28	10	imān	इमान्	idam		sn. 2n.3 m.	these	эту		
1.28	11	sva-janān	स्वजनान्	sva-jana	√jan	2n.3 m.	own people	родню		
1.28	12	kṛṣṇa	कृष्ण​	kṛṣṇa		8n.1 m.	O dark one, O Kṛṣṇa	о Кришна		
1.28	13	yuyutsūn	युयुत्सून्	yuyutsu	√yudh	des. 2n.3 m.	those desiring to fight	воинственно настроенную		
1.28	14	samupasthitān	समुपस्थितान्	sam-upa-sthita	√sthā	PP 2n.3 m.	those assembled	расположенную		
1.29	1	sīdanti	सीदन्ति	√sad	√sad	Praes. P 1v.3	they sink down	дрожат	sīdanti mama gātrāṇi mukhaṃ ca pariśuṣyati	सीदन्ति मम गात्राणि मुखं च परिशुष्यति
1.29	2	mama	मम​	asmat		sn. 6n.1	my	мои		
1.29	3	gātrāṇi	गात्राणि	gātra		1n.3 n.	limbs, the body	члены тела		
1.29	4	mukham	मुखम्	mukha		1n.1 n.	face, mouth	рот		
1.29	5	ca	च​	ca		av.	and	и		
1.29	6	pariśuṣyati	परिशुष्यति	pari-√śuṣ	√śuṣ	Praes. P 1v.1	it s drying up	пересыхает.		
1.29	7	vepathuḥ	वेपथुः	vepathu	√xvip	1n.1 m.	trembling	дрожь		
1.29	8	ca	च​	ca		av.	and	также		
1.29	9	śarīre	शरीरे	śarīra	√śri	7n.1 n.	in the body	по телу		
1.29	10	me	मे	asmat		sn. 6n.1	my	моему		
1.29	11	roma-harṣaḥ	रोमहर्षः	roma-harṣa	√ruh	1n.1 m.	bristling of the hair	поднятие волос дыбом		
1.29	12	ca	च​	ca		av.	and	также		
1.29	13	jāyate	जायते	√jan	√jan	Praes. Ā 1v.1	it occurs	происходит		
1.30	1	gāṇḍīvam	गाण्डीवम्	gāṇḍīva		2n.1 n.	a bow, a bow  of Arjuna	знаменитый лук Арджуны	gāṇḍīvaṃ sraṃsate hastāt tvak caiva paridahyate	गाण्डीवं स्रंसते हस्तात्त्वक्चैव परिदह्यते
1.30	2	sraṁsate	स्रञ्सते	√sraṁs	√sraṁs	Praes. Ā 1v.1	it falls down	выпадает		
1.30	3	hastāt	हस्तात्	hasta		5n.1 m.	from the hand	из руки		
1.30	4	tvak	त्वक्	tvac		1n.1 f.	the skin	кожа		
1.30	5	ca	च​	ca		av.	and	также		
1.30	6	eva	एव​	eva		av.	certainly, just, merely	конечно		
1.30	7	paridahyate	परिदह्यते	pari-√dah	√dah	Praes. pass. 1v.1	is burned	горит.		
1.30	8	na	न​	na		av.	not	не		
1.30	9	ca	च​	ca		av.	and	также		
1.30	10	śaknomi	शक्नोमि	√śak	√śak	Praes. P 3v.1	I am able	могу		
1.30	11	avasthātum	अवस्थातुम्	ava-√sthā	√sthā	inf.	to stand	оставаться		
1.30	12	bhramati	भ्रमति	√bhram	√bhram	Praes. P 1v.1	it roams	забывает		
1.30	13	iva	इव​	iva		av.	like, in the same manner as, almost, exactly	как будто		
1.30	14	ca	च​	ca		av.	and	и		
1.30	15	me	मे	asmat		sn. 6n.1	my	мой		
1.30	16	manaḥ	मनः	manas	√man	1n.1 n.	the mind	ум		
1.31	1	nimittāni	निमित्तानि	nimitta		2n.3 n.	omens, signs, causes	причины	nimittāni ca paśyāmi viparītāni keśava	निमित्तानि च पश्यामि विपरीतानि केशव
1.31	2	ca	च​	ca		av.	and	также		
1.31	3	paśyāmi	पश्यामि	√dṛś	√dṛś	Praes. P 3v.1	I see	вижу		
1.31	4	viparītāni	विपरीतानि	viparīta		2n.3 n.	reversed, wrong	противоположные		
1.31	5	keśava	केशव​	keśa-va	√xīś	8n.1 m.	who has [beautiful] hair	о Кришна, убивший демона Кеши.		
1.31	6	na	न​	na		av.	not	не		
1.31	7	ca	च​	ca		av.	and	также		
1.31	8	śreyaḥ	श्रेयः	śreyas		2n.1 n.	better, higher, perfect, the auspiciousness, the welfare	хорошее		
1.31	9	anupaśyāmi	अनुपश्यामि	anu-√dṛś	√dṛś	Praes. P 3v.1	I foresee	предвижу		
1.31	10	hatvā	हत्वा	√han	√han	absol.	after killing	убив		
1.31	11	sva-janam	स्वजनम्	sva-janam	√jan	2n.1 m.	own people	свою родню		
1.31	12	āhave	आहवे	āhava		7n.1 m.	in battle	в битве		
1.32	1	na	न​	na		av.	not	не	na kāṅkṣe vijayaṃ kṛṣṇa na ca rājyaṃ sukhāni ca	न काङ्क्षे विजयं कृष्ण न च राज्यं सुखानि च
1.32	2	kāṅkṣe	काङ्क्षे	√kāṅkṣ	√kāṅkṣ	Praes. Ā 3v.1	I desire	желаю		
1.32	3	vijayam	विजयम्	vijaya	√ji	2n.1 m.	victory	победу		
1.32	4	kṛṣṇa	कृष्ण​	kṛṣṇa		8n.1 m.	O dark one, O Kṛṣṇa	о Кришна		
1.32	5	na	न​	na		av.	not	не		
1.32	6	ca	च​	ca		av.	and	также		
1.32	7	rājyam	राज्यम्	rājya	√rāj	PF 2n.1 n.	a kingdom, power	царство		
1.32	8	sukhāni	सुखानि	sukha	√sthā;	2n.3 n.	pleasures, comforts	радости (завоеванные такой ценой)		
1.32	9	ca	च​				Unexpected Python Error: <Error getting traceback - traceback.print_exception() failed>	также.		
1.32	10	kim	किम्	kim		av.	what for – requires instrumental	что		
1.32	11	naḥ	नः	asmat		sn. 4i.3x	for us	нам		
1.32	12	rājyena	राज्येन​	rājya	√rāj	PF 3n.1 n.	with a kingdom	царством		
1.32	13	govinda	गोविन्द​	govinda	√vid	8n.1 m.	one who gets the cows	о Кришна		
1.32	14	kim	किम्	kim		av.	what for – requires instrumental	что		
1.32	15	bhogaiḥ	भोगैः	bhoga	√bhuj	3n.3 m.	with luxuries	наслаждениями		
1.32	16	jīvitena	जीवितेन​	jīvita	√jīv	PP 3n.1 n.	with life	жизнью		
1.32	17	vā	वा	vā		av.	or, and, on the other side, but even if, however	или		
1.33	1	yeṣām	येषाम्	yat		sn. 6n.3 m.	of whom	которых	yeṣām arthe kāṅkṣitaṃ no rājyaṃ bhogāḥ sukhāni ca	येषामर्थे काङ्क्षितं नो राज्यं भोगाः सुखानि च
1.33	2	arthe	अर्थे	artha	√arth	7n.1 m.	for the sake	с целью		
1.33	3	kāṅkṣitam	काङ्क्षितम्	kāṅkṣita	√kāṅkṣ	PP 1n.1 n.	desired, longed for	желаемое		
1.33	4	naḥ	नः	asmat		sn. 6n.3	our	наше		
1.33	5	rājyam	राज्यम्	rājya	√rāj	PF 1n.1 n.	a kingdom, power	царство		
1.33	6	bhogāḥ	भोगाः	bhoga	√bhuj	1n.3 m.	luxuries	материальные наслаждения		
1.33	7	sukhāni	सुखानि	sukha	√sthā;	3n.3 n.	pleasures, comforts	радости		
1.33	8	ca	च​	ca		av.	and	также		
1.33	9	te	ते	tat		sn. 1n.3 m.	they	они		
1.33	10	ime	इमे	idam		sn. 1n.3 m.	these	эти		
1.33	11	avasthitāḥ	अवस्थिताः	avasthita	√sthā	PP 1n.3 m.	who are arrayed	находящиеся		
1.33	12	yuddhe	युद्धे	yuddha	√yudh	7n.1 n.	in battle	на поле боя		
1.33	13	prāṇān	प्राणान्	prāṇa	√an	2n.3 m.	breath, the life	жизни		
1.33	14	tyaktvā	त्यक्त्वा	√tyaj	√tyaj	absol.	after abandoning	отдав		
1.33	15	dhanāni	धनानि	dhana		2n.3 n.	booty, prey, riches	богатства		
1.33	16	ca	च​	ca		av.	and	также		
1.34	1	ācāryāḥ	आचार्याः	ācārya	√car	1n.3 m.	teachers	учителя	ācāryāḥ pitaraḥ putrās tathaiva ca pitāmahāḥ	आचार्याः पितरः पुत्रास्तथैव च पितामहाः
1.34	2	pitaraḥ	पितरः	pitṛ		1n.3 m.	fathers	отцы		
1.34	3	putrāḥ	पुत्राः	putra	√puṣ	1n.3 m.	sons	сыновья		
1.34	4	tathā	तथा	tathā		av.	in that manner, so, in like manner	также		
1.34	5	eva	एव​	eva		av.	certainly, just, merely	безусловно		
1.34	6	ca	च​	ca		av.	and	и		
1.34	7	pitāmahāḥ	पितामहाः	pitā-maha	√mah	1n.3 m.	grandfathers	деды		
1.34	8	mātulāḥ	मातुलाः	mātula		1n.3 m.	maternal uncles	дядья по матери		
1.34	9	śvaśurāḥ	श्वशुराः	śvaśura		1n.3 m.	fathers-in-law	тести		
1.34	10	pautrāḥ	पौत्रान्	pautra	√puṣ	1n.3 m.	grandsons	внуки		
1.34	11	syālāḥ	स्यालाः	syāla		1n.3 m.	brothers-in-law	зятья, шурины		
1.34	12	sambandhinaḥ	सम्बन्धिनः	sam-bandhin	√bandh	1n.3 m.	relatives	родственники		
1.34	13	tathā	तथा	tathā		av.	in that manner, so, in like manner	затем		
1.35	1	etān	एतान्	etat		sn. 2n.3 m.	them	эти	etān na hantum icchāmi ghnato ‘pi madhusūdana	एतान्न हन्तुमिच्छामि घ्नतोऽपि मधुसूदन
1.35	2	na	न​	na		av.	not	не		
1.35	3	hantum	हन्तुम्	√han	√han	inf.	to kill	убивать		
1.35	4	icchāmi	इच्छामि	√iṣ	√iṣ	Praes. P 3v.1	I desire	желаю		
1.35	5	ghnataḥ	घ्नतः	ghnant	√han	PPr 2n.3 m.	who are killing	убивающий		
1.35	6	api	अपि	api		av.	although, moreover, besides, even	даже		
1.35	7	madhu-sūdana	मधुसूदन​	madhu-sūdana	√sūd	8n.1 m.	O slayer of Madhu	о Кришна, сразивший демона Мадху		
1.35	8	api	अपि	api		av.	although, moreover, besides, even	даже		
1.35	9	trai-lokya-rājyasya	त्रैलोक्यराज्यस्य​	trai-lokya-rājya	√rāj	6n.1 n.	of the kingdom of the three worlds	охватывающего три мира царства		
1.35	10	hetoḥ	हेतोः	hetoḥ		av.	for the cause, for the reason	с целью		
1.35	11	kim	किम्	kim		av.	whether? how? why? wherefrom?	что		
1.35	12	nu	नु	nu		av.	indeed	же		
1.35	13	mahī-kṛte	महीकृते	mahī-kṛte	√mah	av.	for the sake of [ruling] the earth	для земли		
1.36	1	nihatya	निहत्य​	ni-√han	√han	absol.	after killing	убив	nihatya dhārtarāṣṭrān naḥ kā prītiḥ syāj janārdana	निहत्य धार्तराष्ट्रान्नः का प्रीतिः स्याज्जनार्दन
1.36	2	dhārtarāṣṭrān	धार्तराष्ट्रान्	dhārtarāṣṭra	√dhṛ	2n.3 m.	the sons of Dhṛtarāṣṭra	сыновей Дхритараштры		
1.36	3	naḥ	नः	asmat		sn. 6n.3	our	нам		
1.36	4	kā	का	kim		sn. 1n.1 f.	what?	какая		
1.36	5	prītiḥ	प्रीतिः	prīti	√prī	1n.1 f.	delight, joy	радость		
1.36	6	syāt	स्यात्	√as	√as	Pot. P 1v.1	it would be	будет		
1.36	7	janārdana	जनार्दन​	jana-ardana	√jan	8n.1 m.	exciting / agitating people, O Janārdana	о хранитель всех живых существ.		
1.36	8	pāpam	पापम्	pāpa		1n.1 n.	evil, sin	грех		
1.36	9	eva	एव​	eva		av.	certainly, just, merely	безусловно		
1.36	10	āśrayet	आश्रयेत्	ā-√śri	√śri	Pot. P 1v.1	it would lean on	ляжет		
1.36	11	asmān	अस्मान्	asmat		sn. 2n.3	us	на нас		
1.36	12	hatvā	हत्वा	√han	√han	absol.	after killing	убив		
1.36	13	etān	एतान्	etat		sn. 2n.3 m.	these	этих		
1.36	14	ātatāyinaḥ	आततायिनः	ātatāyin	√tan	2n.3 m.	aggressors	напавших на нас		
1.37	1	tasmāt	तस्मात्	tasmāt		av.	from that	поэтому	tasmān nārhā vayaṃ hantuṃ dhārtarāṣṭrān sa-bāndhavān	तस्मान्नार्हा वयं हन्तुं धार्तराष्ट्रान्स्वबान्धवान्
1.37	2	na	न​	na		av.	not	не		
1.37	3	arhāḥ	अर्हाः	arha	√arh	1n.3 m.	who deserve, who ought to	должны		
1.37	4	vayam	वयम्	asmat		sn. 1n.3	we	мы		
1.37	5	hantum	हन्तुम्	√han	√han	inf.	to kill	убивать		
1.37	6	dhārtarāṣṭrān	धार्तराष्ट्रान्	dhārtarāṣṭra	√dhṛ	2n.3 m.	the sons of Dhṛtarāṣṭra	сыновей Дхритараштры		
1.37	7	sa-bāndhavān	सबान्धवान्	sa-bāndhava	√bandh	2n.3 m.	those who are with their relatives	и наших друзей		
1.37	8	sva-janam	स्वजनम्	sva-jana	√jan	2n.1 m.	own people	родню		
1.37	9	hi	हि	hi		av.	we could bebecause, just, indeed, surely	конечно		
1.37	10	katham	कथम्	katham		av.	how?, in what manner?	как		
1.37	11	hatvā	हत्वा	√han	√han	absol.	after killing	убив		
1.37	12	sukhinaḥ	सुखिनः	sukhin	√sthā;	1n.3 m.	happy men	счастливые		
1.37	13	syāma	स्याम​	√as	√as	Pot. P 3v.3	we could be	станем		
1.37	14	mādhava	माधव​	mādhava		8n.1 m.	O descendant of king Madhu	о Кришна, супруг богини удачи.		
1.38	1	yadi	यदि	yadi		av.	if	если	yady apy ete na paśyanti lobhopahata-cetasaḥ	यद्यप्येते न पश्यन्ति लोभोपहतचेतसः
1.38	2	api	अपि	api		av.	although, moreover, besides, even	даже		
1.38	3	ete	एते	etat		sn. 1n.3 m.	these	эти		
1.38	4	na	न​	na		av.	not	не		
1.38	5	paśyanti	पश्यन्ति	√dṛś	√dṛś	Praes. P 1v.3	they see	видят		
1.38	6	lobhopahata-cetasaḥ	लोभोपहतचेतसः	lobha-upahata-cetas	√lubh	1n.3 m.	whose minds are affected by greed	алчностью охвачены те, чьи сердца		
1.38	7	kula-kṣaya-kṛtam	कुलक्षयकृतम्	kula-kṣaya-kṛta	√kṣi	2n.1 m.	done by the destruction of family	уничтожением семьи совершенный		
1.38	8	doṣam	दोषम्	doṣa	√duṣ	2n.1 m.	evil, fault, guilt	грех		
1.38	9	mitra-drohe	मित्रद्रोहे	mitra-droha	√druh	7n.1 m.	in hostility to friends	в распре с друзьями		
1.38	10	ca	च​	ca		av.	and	также		
1.38	11	pātakam	पातकम्	pātaka	√pat	2n.1 n.	that which causes to fall: crime, sin	результат греха		
1.39	1	katham	कथम्	katham		av.	how?, in what manner?	как	kathaṃ na jñeyam asmābhiḥ pāpād asmān nivartitum	कथं न ज्ञेयमस्माभिः पापादस्मान्निवर्तितुम्
1.39	2	na	न​	na		av.	not	не		
1.39	3	jñeyam	ज्ञेयम्	jñeya	√jñā	PF 1n.1 n.	to be known, to be learnt	то, что должно быть известно		
1.39	4	asmābhiḥ	अस्माभिः	asmat		sn. 3n.3	by us	нами		
1.39	5	pāpāt	पापात्	pāpa		5n.1 n.	from evil, from sin	от греха		
1.39	6	asmāt	अस्मात्	idam		sn. 5n.1 n.	from this	нас		
1.39	7	nivartitum	निवर्तितुम्	ni-√vṛt	√vṛt	inf.	to stop, to turn back	остановить		
1.39	8	kula-kṣaya-kṛtam	कुलक्षयकृतम्	kula-kṣaya-kṛta	√kṣi	2n.1 m.	done by the destruction of family	истреблением рода совершенное		
1.39	9	doṣam	दोषम्	doṣa	√duṣ	2n.1 m.	evil, fault, guilt	преступление		
1.39	10	prapaśyadbhiḥ	प्रपश्यद्भिः	pra-paśyant	√dṛś	PPr 3n.3 m.	by those who see, who understand	теми, кто видит		
1.39	11	janārdana	जनार्दन​	jana-ardana	√jan	8n.1 m.	exciting / agitating people, O Janārdana	о Кришна.		
1.40	1	kula-kṣaye	कुलक्षये	kula-kṣaya	√kṣi	7n.1 m.	in the destruction of family	при уничтожении рода	kula-kṣaye praṇaśyanti kula-dharmāḥ sanātanāḥ	कुलक्षये प्रणश्यन्ति कुलधर्माः सनातनाः
1.40	2	praṇaśyanti	प्रणश्यन्ति	pra–√naś	√naś	Praes. P 1v.3	they perish	исчезают		
1.40	3	kula-dharmāḥ	कुलधर्माः	kula-dharma	√dhṛ	1n.3 m.	the family laws	семейные традиции		
1.40	4	sanātanāḥ	सनातनाः	sanātana		1n.3 m.	eternal, primeval	вечные		
1.40	5	dharme	धर्मे	dharma	√dhṛ	7n.1 m. loc.abs.	when the law	когда религия		
1.40	6	naṣṭe	नष्टे	naṣṭa	√naś	PP 7n.1 m. loc.abs.	when it perishes	разрушена		
1.40	7	kulam	कुलम्	kula		2n.1 n.	tribe, family	семья		
1.40	8	kṛtsnam	कृत्स्नम्	kṛtsna		2n.1 n.	whole	вся		
1.40	9	adharmaḥ	अधर्मः	a-dharma	√dhṛ	1n.1 m.	lawlessness	безбожие		
1.40	10	abhibhavati	अभिभवति	abhi-√bhū	√bhū	Praes. P 1v.1	it overcomes	становится		
1.40	11	uta	उत​	uta		av.	and, also, even, or	ведь (сказано).		
1.41	1	adharmābhibhavāt	अधर्माभिभवात्	a-dharma-abhi-bhava	√bhū	5n.1 m.	from the predominance of lawlessness	безбожия от воцарившегося	adharmābhibhavāt kṛṣṇa praduṣyanti kula-striyaḥ	अधर्माभिभवात्कृष्ण प्रदुष्यन्ति कुलस्त्रियः
1.41	2	kṛṣṇa	कृष्ण​	kṛṣṇa		8n.1 m.	O dark one, O Kṛṣṇa	о Кришна		
1.41	3	praduṣyanti	प्रदुष्यन्ति	pra-√duṣ	√duṣ	Praes. P 1v.3	they are polluted	оскверняются		
1.41	4	kula-striyaḥ	कुलस्त्रियः	kula-strī	√sū	1n.3 f.	family women	женщины рода		
1.41	5	strīṣu	स्त्रीषु	strī	√sū	7n.3 f. loc.abs.	when the women	у женщин		
1.41	6	duṣṭāsu	दुष्टासु	duṣṭa	√duṣ	PP 7n.3 f.	when they are polluted	развращенных		
1.41	7	vārṣṇeya	वार्ष्णेय​	vārṣṇeya		8n.1 m.	O descendant of Vṛṣṇis	о потомок Вришни		
1.41	8	jāyate	जायते	√jan	√jan	Praes. Ā 1v.1	it is born	рождается		
1.41	9	varṇa-saṁkaraḥ	वर्णसञ्करः	varṇa-saṁkara	√varṇ	1n.1 m.	confusion of social classes	нежеланное потомство.		
1.42	1	saṁkaraḥ	सञ्करः	saṁkara	√kṝ	1n.1 m.	confusion	нежеланное потомство	saṃkaro narakāyaiva kula-ghnānāṃ kulasya ca	सङ्करो नरकायैव कुलघ्नानां कुलस्य च
1.42	2	narakāya	नरकाय​	naraka		4n.1 m.	for hell	в ад		
1.42	3	eva	एव​	eva		av.	certainly, just, merely	безусловно		
1.42	4	kula-ghnānām	कुलघ्नानाम्	kula-ghna	√han	6n.3 m.	of those who destroy the family	тех, кто уничтожает семью		
1.42	5	kulasya	कुलस्य​	kula		6n.1 n.	of the family	семьи		
1.42	6	ca	च​	ca		av.	and	также		
1.42	7	patanti	पतन्ति	√pat	√pat	Praes. P 1v.3	they fall	падают		
1.42	8	pitaraḥ	पितरः	pitṛ		1n.3 m.	fathers, forefathers	предки		
1.42	9	hi	हि	hi		av.	because, just, indeed, surely	конечно		
1.42	10	eṣām	एषाम्	etat		sn. 6n.3 m.	of these	этих		
1.42	11	lupta-piṇḍodaka-kriyāḥ	लुप्तपिण्डोदकक्रियाः	lupta-piṇḍa-udaka-kriya	√lup	1n.3 m.	those for whom the religious offering of food and water has stopped	прекращены-подношения пищи-и воды-обряды.		
1.43	1	doṣaiḥ	दोषैः	doṣa	√duṣ	3n.3 m.	by the faults, sins	грехами	doṣair etaiḥ kula-ghnānāṃ varṇa-saṃkara-kārakaiḥ	दोषैरेतैः कुलघ्नानां वर्णसङ्करकारकैः
1.43	2	etaiḥ	एतैः	etat		sn. 3n.3 m.	by these	этими		
1.43	3	kula-ghnānām	कुलघ्नानाम्	kula-ghna	√han	6n.3 m.	of those who destroy the family	разрушающих семью		
1.43	4	varṇa-saṁkara-kārakaiḥ	वर्णसञ्करकारकैः	varṇa-saṁkara-kāraka	√varṇ	3n.3 m.	by these being the causes of the confussion of social classes	нежеланного потомства-причинами появления		
1.43	5	utsādyante	उत्साद्यन्ते	ut-√sad	√sad	Praes. caus. pass. 1v.3	they are caused to decline	прекращаются		
1.43	6	jāti-dharmāḥ	जातिधर्माः	jāti-dharma	√jan	1n.3 m.	the caste laws	деяния на благо общества		
1.43	7	kula-dharmāḥ	कुलधर्माः	kula-dharma	√dhṛ	1n.3 m.	the family laws	семейные традиции		
1.43	8	ca	च​	ca		av.	and	также		
1.43	9	śāśvatāḥ	शाश्वताः	śāśvata		1n.3 m.	eternal, permanent	незыблемые.		
1.44	1	utsanna-kula-dharmāṇāṁ	उत्सन्नकुलधर्माणाञ्	utsanna-kula-dharma	√sad	6n.3 m.	of those whose family laws are destroyed	разрушены-тех, чьи семейные традиции	utsanna-kula-dharmāṇāṃ manuṣyāṇāṃ janārdana	उत्सन्नकुलधर्माणां मनुष्याणां जनार्दन
1.44	2	manuṣyāṇām	मनुष्याणाम्	manuṣya	√man	6n.3 m.	of men	людей		
1.44	3	janārdana	जनार्दन​	Janārdana	√jan	8n.1 m.	exciting / agitating people, O Janārdana	о Кришна		
1.44	4	narake	नरके	naraka		7n.1 m.	in hell	в аду		
1.44	5	niyatam	नियतम्	niyatam	√yam	av.	constantly, surely	вечно		
1.44	6	vāsaḥ	वासः	vāsa	√vas	1n.1 m.	dwelling, residence, situation, garment	пребывание		
1.44	7	bhavati	भवति	√bhū	√bhū	Praes. P 1v.1	it is	происходит		
1.44	8	iti	इति	iti		av.	thus	так		
1.44	9	anuśuśruma	अनुशुश्रुम​	anu-√śru	√śru	Perf. P 3v.3	we heard repeatedly	слышал (от наставников, принадлежащих к цепи духовных учителей).		
1.45	1	aho bata	अहोबत​	aho bata		av.	alas!	увы-как странно	aho bata mahat pāpaṃ kartuṃ vyavasitā vayam	अहो बत महत्पापं कर्तुं व्यवसिता वयम्
1.45	2	mahat	महत्	mahant	√mah	2n.1 n.	great	величайший		
1.45	3	pāpam	पापम्	pāpa		2n.1 n.	evil, sin	грех		
1.45	4	kartum	कर्तुम्	√kṛ	√kṛ	inf.	to do	совершить		
1.45	5	vyavasitāḥ	व्यवसिताः	vi-ava-sita	√so	PP 1n.3 m.	those who are determined	решившие		
1.45	6	vayam	वयम्	asmat		sn. 1n.3	we	мы		
1.45	7	yat	यत्	yat		av.	which	поскольку		
1.45	8	rājya-sukha-lobhena	राज्यसुखलोभेन​	rājya-sukha-lobha	√rāj	3n.1 m.	with greed for royal pleasures	из-за желания наслаждаться царством		
1.45	9	hantum	हन्तुम्	√han	√han	inf.	to kill	убить		
1.45	10	sva-janam	स्वजनम्	sva-janam	√jan	2n.1 m.	own people	родню		
1.45	11	udyatāḥ	उद्यताः	udyata	√yam	PP 1n.3 m.	those who are prepared	пытающиеся.		
1.46	1	yadi	यदि	yadi		av.	if	если	yadi mām apratī-kāram aśastraṃ śastra-pāṇayaḥ	यदि मामप्रतीकारमशस्त्रं शस्त्रपाणयः
1.46	2	mām	माम्	asmat		sn. 2n.1	me	меня		
1.46	3	apratī-kāram	अप्रतीकारम्	a-pratī-kāram	√kṛ	2n.1 m.	who is unresisting	не оказывающего сопротивления		
1.46	4	aśastram	अशस्त्रम्	a-śastra	√śas	2n.1 m.	who is unarmed	безоружного		
1.46	5	śastra-pāṇayaḥ	शस्त्रपाणयः	śastra-pāṇi	√śas	1n.3 m.	those who have weapons in hand	те, кто с оружием в руках		
1.46	6	dhārtarāṣṭrāḥ	धार्तराष्ट्राः	dhārtarāṣṭra	√dhṛ	1n.3 m.	the sons of Dhṛtarāṣṭra	сыновья Дхритараштры		
1.46	7	raṇe	रणे	raṇa	√raṇ	7n.1 m.	in battle	на поле боя		
1.46	8	hanyuḥ	हन्युः	√han	√han	Pot. P 1v.3	they would kill	пусть убьют		
1.46	9	tat	तत्	tat		sn. 1n.1 n.	that	то		
1.46	10	me	मे	asmat		sn. 6n.1	my, for me	для меня		
1.46	11	kṣema-taram	क्षेमतरम्	kṣema-tara		1n.1 n.	greater peace	лучше		
1.46	12	bhavet	भवेत्	√bhū	√bhū	Pot. Ā 1v.1	it would be	будет.		
1.47	1	saṁjayaḥ	सञ्जयः	sam-jaya	√ji	1n.1 m.	conquest, complete victory, Saṁjaya	Санджая	saṃjaya uvāca	सञ्जय उवाच
1.47	2	uvāca	उवाच​	√vac	√vac	Perf. P 1v.1	he spoke	сказал		
1.47	3	evam	एवम्	evam		av.	thus	так		
1.47	4	uktvā	उक्त्वा	√vac	√vac	absol.	after speaking	промолвив		
1.47	5	arjunaḥ	अर्जुनः	arjuna		1n.1 m.	white, clear, Arjuna	Арджуна		
1.47	6	saṁkhye	सञ्ख्ये	saṁkhya	√khyā	7n.1 n.	in battle	на поле боя		
1.47	7	rathopasthe	रथोपस्थे	ratha-upastha	√sthā	7n.1 m.	rathasyoparīti – on the seat of the chariot	колесницы-на сиденье		
1.47	8	upāviśat	उपाविशत्	upa-ā-√viś	√viś	Imperf. P 1v.1	he sat down	опустился		
1.47	9	visṛjya	विसृज्य​	vi-√sṛj	√sṛj	absol.	after casting aside	отбросив		
1.47	10	sa-śaram	सशरम्	sa-śara		2n.1 m.	which is with arrows	со стрелами		
1.47	11	cāpam	चापम्	cāpa		2n.1 m.	a bow	лук		
1.47	12	śoka-saṁvigna-mānasaḥ	शोकसञ्विग्नमानसः	śoka-saṁvigna-mānasa	√śuc	1n.1 m.	one whose mind is afflicted with grief	горем-пораженный-тот, чей ум.		
